-- MySQL dump 10.13  Distrib 8.0.19, for Win64 (x86_64)
--
-- Host: localhost    Database: tarea_5
-- ------------------------------------------------------
-- Server version	8.0.36

/*!40101 SET @OLD_CHARACTER_SET_CLIENT=@@CHARACTER_SET_CLIENT */;
/*!40101 SET @OLD_CHARACTER_SET_RESULTS=@@CHARACTER_SET_RESULTS */;
/*!40101 SET @OLD_COLLATION_CONNECTION=@@COLLATION_CONNECTION */;
/*!50503 SET NAMES utf8mb4 */;
/*!40103 SET @OLD_TIME_ZONE=@@TIME_ZONE */;
/*!40103 SET TIME_ZONE='+00:00' */;
/*!40014 SET @OLD_UNIQUE_CHECKS=@@UNIQUE_CHECKS, UNIQUE_CHECKS=0 */;
/*!40014 SET @OLD_FOREIGN_KEY_CHECKS=@@FOREIGN_KEY_CHECKS, FOREIGN_KEY_CHECKS=0 */;
/*!40101 SET @OLD_SQL_MODE=@@SQL_MODE, SQL_MODE='NO_AUTO_VALUE_ON_ZERO' */;
/*!40111 SET @OLD_SQL_NOTES=@@SQL_NOTES, SQL_NOTES=0 */;

--
-- Table structure for table `apuestas`
--

DROP TABLE IF EXISTS `apuestas`;
/*!40101 SET @saved_cs_client     = @@character_set_client */;
/*!50503 SET character_set_client = utf8mb4 */;
CREATE TABLE `apuestas` (
  `id_apuesta` int DEFAULT NULL,
  `id_Usuario` int DEFAULT NULL,
  `id_Partido` int DEFAULT NULL,
  `Predicción_Usuario` varchar(50) DEFAULT NULL,
  `Monto_Apuesta` int DEFAULT NULL
) ENGINE=InnoDB DEFAULT CHARSET=utf8mb4 COLLATE=utf8mb4_0900_ai_ci;
/*!40101 SET character_set_client = @saved_cs_client */;

--
-- Dumping data for table `apuestas`
--

LOCK TABLES `apuestas` WRITE;
/*!40000 ALTER TABLE `apuestas` DISABLE KEYS */;
INSERT INTO `apuestas` VALUES (1,51,290,'Visita',830),(2,98,206,'Empate',5841),(3,16,42,'Visita',1967),(4,31,665,'Local',1912),(5,12,661,'Visita',2731),(6,50,906,'Empate',5592),(7,76,954,'Visita',3989),(8,54,854,'Local',532),(9,95,107,'Visita',3864),(10,56,26,'Local',2504),(11,96,977,'Visita',2310),(12,66,655,'Visita',2557),(13,99,460,'Visita',3478),(14,5,78,'Local',5457),(15,60,892,'Empate',3259),(16,82,973,'Visita',2155),(17,80,762,'Empate',1158),(18,37,100,'Visita',376),(19,36,625,'Empate',5884),(20,9,49,'Visita',797),(21,48,934,'Empate',581),(22,66,641,'Local',4574),(23,10,547,'Empate',2571),(24,38,310,'Visita',1723),(25,23,678,'Visita',2220),(26,58,93,'Empate',1840),(27,8,895,'Empate',2306),(28,51,29,'Visita',5538),(29,92,191,'Local',4214),(30,83,85,'Empate',3500),(31,21,894,'Local',1116),(32,89,438,'Visita',5746),(33,59,502,'Visita',3024),(34,73,326,'Empate',1612),(35,98,740,'Visita',610),(36,55,154,'Visita',4357),(37,19,544,'Empate',2315),(38,91,925,'Local',1947),(39,28,10,'Empate',3708),(40,76,229,'Local',3067),(41,87,100,'Empate',336),(42,56,210,'Empate',1209),(43,56,108,'Empate',3686),(44,67,647,'Local',457),(45,1,980,'Local',583),(46,55,385,'Empate',484),(47,54,111,'Local',5257),(48,94,480,'Local',2518),(49,89,844,'Local',4628),(50,44,954,'Visita',4663),(51,56,122,'Local',827),(52,34,468,'Empate',5300),(53,26,556,'Local',2120),(54,2,760,'Empate',4441),(55,47,132,'Empate',1521),(56,43,956,'Local',3137),(57,87,976,'Empate',781),(58,5,237,'Visita',4145),(59,78,859,'Local',2279),(60,24,890,'Local',4964),(61,36,382,'Visita',1152),(62,6,227,'Local',5575),(63,19,812,'Local',3832),(64,82,599,'Local',2916),(65,94,411,'Local',3705),(66,57,571,'Local',2452),(67,71,850,'Local',5469),(68,60,292,'Local',3772),(69,96,98,'Visita',4845),(70,83,396,'Local',5324),(71,76,520,'Local',576),(72,83,365,'Local',3490),(73,40,380,'Visita',3569),(74,51,666,'Empate',3002),(75,51,685,'Empate',4617),(76,53,941,'Visita',5410),(77,90,248,'Visita',4592),(78,11,561,'Local',2973),(79,83,682,'Empate',3602),(80,26,673,'Empate',1259),(81,26,832,'Empate',3779),(82,48,811,'Visita',2743),(83,6,765,'Visita',4999),(84,4,879,'Empate',2612),(85,70,362,'Local',1991),(86,28,324,'Visita',5871),(87,100,764,'Visita',214),(88,19,514,'Local',2533),(89,56,588,'Empate',3929),(90,10,714,'Local',3126),(91,87,387,'Empate',5122),(92,7,594,'Empate',4992),(93,41,459,'Visita',5584),(94,77,216,'Local',2536),(95,20,914,'Visita',4221),(96,46,583,'Local',393),(97,25,442,'Local',1209),(98,69,358,'Visita',3364),(99,85,669,'Visita',2190),(100,48,588,'Local',2851),(101,63,222,'Local',2974),(102,29,845,'Empate',2485),(103,89,572,'Empate',5714),(104,59,659,'Empate',2741),(105,37,915,'Local',2853),(106,51,429,'Empate',310),(107,29,557,'Visita',3973),(108,13,695,'Empate',1359),(109,63,655,'Visita',4202),(110,15,485,'Local',5197),(111,96,879,'Local',4370),(112,60,185,'Local',1753),(113,25,919,'Empate',2056),(114,52,388,'Empate',5085),(115,64,844,'Visita',1957),(116,67,468,'Visita',2797),(117,73,324,'Empate',3135),(118,29,520,'Visita',4281),(119,42,401,'Empate',538),(120,37,997,'Empate',4324),(121,63,418,'Empate',5078),(122,78,639,'Visita',5216),(123,64,279,'Local',746),(124,11,342,'Local',891),(125,25,953,'Local',931),(126,100,716,'Empate',5588),(127,64,6,'Empate',1551),(128,11,348,'Visita',3729),(129,20,218,'Local',5238),(130,79,381,'Local',3846),(131,82,845,'Visita',5230),(132,77,906,'Empate',4547),(133,60,662,'Local',4588),(134,87,754,'Empate',3520),(135,37,58,'Local',3287),(136,84,888,'Local',5391),(137,31,498,'Local',765),(138,27,216,'Visita',3276),(139,61,468,'Empate',2740),(140,40,900,'Visita',3611),(141,49,943,'Local',5985),(142,53,452,'Local',3732),(143,71,637,'Local',870),(144,39,541,'Empate',4792),(145,58,942,'Local',5722),(146,83,673,'Empate',3839),(147,13,580,'Empate',1211),(148,77,63,'Visita',187),(149,61,199,'Visita',1564),(150,91,687,'Local',689),(151,9,140,'Empate',3397),(152,25,226,'Empate',209),(153,90,313,'Empate',3036),(154,80,17,'Local',2749),(155,99,52,'Visita',4415),(156,13,144,'Visita',3563),(157,94,850,'Local',471),(158,47,371,'Visita',5487),(159,85,142,'Local',2520),(160,13,339,'Empate',3705),(161,31,343,'Empate',2254),(162,58,469,'Empate',890),(163,83,797,'Empate',4153),(164,93,722,'Visita',89),(165,77,876,'Local',5805),(166,66,591,'Empate',4138),(167,37,586,'Local',1663),(168,99,494,'Visita',4315),(169,64,638,'Local',3993),(170,45,337,'Local',4759),(171,63,114,'Local',646),(172,42,836,'Visita',472),(173,21,331,'Visita',4301),(174,1,120,'Visita',3810),(175,58,311,'Local',3384),(176,6,285,'Empate',3669),(177,98,636,'Visita',4646),(178,84,401,'Empate',1923),(179,85,540,'Visita',1466),(180,58,625,'Local',4042),(181,26,590,'Local',3254),(182,5,228,'Visita',3568),(183,30,901,'Visita',3898),(184,94,798,'Empate',76),(185,19,741,'Visita',3306),(186,51,670,'Local',3573),(187,5,812,'Empate',3806),(188,68,589,'Local',768),(189,24,844,'Local',440),(190,99,453,'Local',4064),(191,85,496,'Visita',3796),(192,78,681,'Visita',1764),(193,1,321,'Empate',2460),(194,63,342,'Empate',1639),(195,95,207,'Empate',3107),(196,65,401,'Local',1576),(197,12,170,'Visita',2483),(198,57,881,'Local',5533),(199,28,267,'Visita',286),(200,52,282,'Empate',450),(201,87,613,'Empate',3650),(202,68,761,'Local',1565),(203,12,613,'Local',3096),(204,85,858,'Empate',3757),(205,56,794,'Visita',483),(206,27,153,'Visita',4834),(207,32,918,'Local',3368),(208,98,471,'Local',1830),(209,46,161,'Local',3417),(210,93,419,'Local',4631),(211,20,753,'Empate',512),(212,26,342,'Local',5113),(213,23,250,'Local',2047),(214,17,52,'Empate',1947),(215,65,551,'Visita',1717),(216,55,227,'Empate',3201),(217,14,280,'Local',994),(218,1,739,'Empate',3410),(219,16,182,'Local',5819),(220,79,137,'Empate',491),(221,24,280,'Visita',1507),(222,44,740,'Visita',449),(223,94,101,'Empate',298),(224,68,465,'Local',3051),(225,86,217,'Empate',2735),(226,58,254,'Visita',442),(227,40,601,'Empate',850),(228,86,429,'Visita',3093),(229,64,634,'Empate',3581),(230,56,312,'Visita',3569),(231,5,922,'Local',396),(232,43,799,'Local',5229),(233,54,84,'Visita',5065),(234,15,650,'Local',4356),(235,54,616,'Local',4924),(236,38,599,'Local',5174),(237,25,461,'Local',1097),(238,69,717,'Visita',288),(239,14,721,'Empate',812),(240,63,884,'Local',1710),(241,31,667,'Local',4946),(242,89,569,'Visita',4833),(243,31,922,'Visita',3694),(244,40,245,'Local',1123),(245,80,596,'Empate',2506),(246,76,523,'Visita',4703),(247,59,526,'Empate',5493),(248,28,837,'Visita',289),(249,88,839,'Empate',4578),(250,32,918,'Visita',3989),(251,86,41,'Visita',1444),(252,84,876,'Visita',4375),(253,17,847,'Empate',1545),(254,5,689,'Empate',390),(255,83,823,'Local',3411),(256,95,922,'Local',4440),(257,9,850,'Local',1300),(258,13,582,'Empate',5847),(259,48,215,'Empate',4390),(260,7,402,'Empate',1479),(261,45,686,'Visita',3783),(262,72,734,'Local',3802),(263,36,455,'Local',1252),(264,94,589,'Local',213),(265,69,344,'Local',2021),(266,53,806,'Empate',2499),(267,14,88,'Local',5636),(268,52,109,'Visita',4667),(269,47,470,'Local',2930),(270,40,758,'Empate',637),(271,52,353,'Local',505),(272,48,914,'Visita',2447),(273,10,359,'Local',468),(274,36,57,'Empate',4169),(275,60,587,'Visita',1556),(276,31,185,'Empate',5948),(277,11,672,'Empate',2012),(278,11,922,'Local',5104),(279,84,781,'Visita',458),(280,31,20,'Local',1471),(281,37,169,'Empate',3843),(282,30,3,'Empate',5895),(283,36,853,'Local',2790),(284,68,928,'Visita',2748),(285,96,427,'Empate',3673),(286,87,687,'Visita',1177),(287,12,103,'Local',1153),(288,7,116,'Local',596),(289,76,351,'Empate',3124),(290,6,952,'Visita',3825),(291,7,314,'Empate',5238),(292,80,375,'Visita',604),(293,59,143,'Visita',2044),(294,89,564,'Empate',2217),(295,6,531,'Local',1513),(296,82,653,'Visita',4960),(297,15,522,'Local',5606),(298,40,930,'Empate',891),(299,26,412,'Visita',1003),(300,10,331,'Local',1737),(301,70,398,'Local',5210),(302,63,478,'Visita',3917),(303,80,570,'Empate',1299),(304,83,452,'Empate',4692),(305,39,979,'Local',2128),(306,59,695,'Visita',652),(307,3,718,'Visita',3664),(308,76,949,'Visita',4515),(309,80,186,'Visita',4709),(310,41,675,'Empate',1458),(311,39,444,'Empate',1125),(312,50,388,'Local',2028),(313,44,869,'Empate',1151),(314,34,710,'Visita',412),(315,35,605,'Visita',5618),(316,62,742,'Empate',1923),(317,55,905,'Local',4027),(318,71,667,'Local',5745),(319,77,806,'Local',1892),(320,75,977,'Empate',3017),(321,44,541,'Empate',1139),(322,74,66,'Empate',2592),(323,25,401,'Visita',5868),(324,44,444,'Visita',3693),(325,13,474,'Visita',5165),(326,12,540,'Local',5767),(327,84,310,'Visita',5044),(328,81,465,'Visita',3566),(329,48,533,'Local',867),(330,89,110,'Local',2804),(331,62,687,'Local',2787),(332,41,380,'Empate',2408),(333,91,400,'Empate',4052),(334,23,271,'Local',2940),(335,64,526,'Visita',2230),(336,61,956,'Local',4328),(337,21,256,'Local',1930),(338,97,996,'Local',2850),(339,32,230,'Local',4609),(340,52,685,'Local',5563),(341,63,206,'Empate',731),(342,17,794,'Empate',4101),(343,93,169,'Local',2881),(344,20,987,'Empate',348),(345,19,777,'Local',4075),(346,73,540,'Empate',4362),(347,42,535,'Empate',4606),(348,43,322,'Empate',1423),(349,23,743,'Local',1551),(350,40,924,'Local',5699),(351,1,45,'Local',4089),(352,50,281,'Local',3881),(353,52,779,'Visita',4356),(354,81,731,'Visita',5595),(355,89,556,'Visita',4211),(356,40,718,'Local',2325),(357,3,586,'Empate',1576),(358,41,73,'Local',1568),(359,15,206,'Empate',5741),(360,32,327,'Empate',53),(361,41,201,'Local',2431),(362,84,722,'Visita',969),(363,69,95,'Visita',168),(364,61,856,'Local',1329),(365,33,867,'Empate',1781),(366,46,31,'Visita',2173),(367,46,3,'Local',5235),(368,95,799,'Local',349),(369,69,558,'Empate',1363),(370,100,83,'Empate',3645),(371,59,404,'Empate',5902),(372,34,635,'Local',1097),(373,32,114,'Local',3858),(374,65,658,'Visita',1394),(375,31,758,'Local',2846),(376,73,267,'Local',5805),(377,71,288,'Local',3741),(378,38,866,'Local',37),(379,43,973,'Visita',1685),(380,84,593,'Empate',5764),(381,13,857,'Local',15),(382,30,835,'Empate',5937),(383,49,7,'Visita',4198),(384,79,510,'Local',2937),(385,58,151,'Local',1222),(386,69,585,'Local',4517),(387,73,598,'Local',1570),(388,14,441,'Local',567),(389,23,662,'Visita',3847),(390,54,805,'Visita',4286),(391,14,963,'Local',1764),(392,77,696,'Empate',4429),(393,75,729,'Empate',350),(394,18,203,'Visita',3469),(395,54,550,'Local',3729),(396,90,291,'Local',3986),(397,97,76,'Local',1783),(398,67,128,'Local',315),(399,44,403,'Local',4215),(400,43,257,'Local',2807),(401,56,114,'Empate',2662),(402,78,492,'Local',495),(403,68,712,'Visita',476),(404,69,116,'Visita',5159),(405,38,807,'Empate',1278),(406,58,479,'Local',373),(407,40,86,'Local',343),(408,43,842,'Local',2949),(409,22,361,'Empate',500),(410,69,177,'Visita',539),(411,92,661,'Visita',3032),(412,15,741,'Empate',410),(413,20,435,'Visita',4619),(414,51,839,'Local',4732),(415,78,898,'Visita',3647),(416,98,551,'Empate',1797),(417,66,601,'Local',3508),(418,11,783,'Visita',5940),(419,54,434,'Visita',2757),(420,64,828,'Empate',2860),(421,53,913,'Empate',1442),(422,22,380,'Visita',5193),(423,57,844,'Local',2463),(424,11,233,'Empate',1508),(425,25,57,'Local',1559),(426,51,856,'Empate',5185),(427,47,417,'Empate',4854),(428,91,498,'Empate',1834),(429,58,909,'Empate',2292),(430,6,396,'Local',3904),(431,94,846,'Local',3392),(432,94,211,'Visita',279),(433,31,731,'Visita',4607),(434,56,817,'Visita',5961),(435,77,146,'Local',5006),(436,35,708,'Local',3009),(437,14,157,'Empate',580),(438,34,498,'Local',1458),(439,21,196,'Local',1242),(440,87,304,'Local',1268),(441,51,570,'Visita',3899),(442,49,80,'Empate',5060),(443,82,187,'Local',229),(444,25,353,'Visita',5084),(445,6,611,'Local',2607),(446,50,845,'Visita',1391),(447,99,801,'Empate',5116),(448,49,990,'Visita',130),(449,99,316,'Local',3277),(450,41,697,'Empate',5203),(451,9,423,'Empate',585),(452,83,75,'Empate',2722),(453,70,401,'Empate',3302),(454,75,772,'Local',93),(455,51,929,'Visita',5535),(456,39,736,'Visita',3723),(457,78,445,'Visita',5925),(458,65,946,'Visita',3027),(459,76,881,'Visita',315),(460,95,822,'Empate',12),(461,87,791,'Empate',1785),(462,97,737,'Empate',3350),(463,26,970,'Visita',3841),(464,32,904,'Visita',3916),(465,82,506,'Empate',2173),(466,68,938,'Local',574),(467,31,604,'Empate',2779),(468,36,501,'Visita',5501),(469,12,116,'Local',954),(470,28,195,'Empate',1118),(471,70,994,'Empate',31),(472,74,133,'Visita',1432),(473,59,776,'Visita',1324),(474,34,305,'Empate',5702),(475,100,342,'Local',1299),(476,40,910,'Visita',2779),(477,54,837,'Local',5474),(478,18,618,'Local',5908),(479,75,642,'Visita',5875),(480,44,920,'Local',1287),(481,74,970,'Empate',3123),(482,62,799,'Visita',3672),(483,100,820,'Visita',194),(484,77,26,'Visita',1784),(485,63,202,'Empate',1802),(486,90,984,'Empate',1386),(487,18,25,'Empate',1774),(488,21,670,'Local',805),(489,56,944,'Empate',4678),(490,79,377,'Local',1534),(491,18,116,'Local',1187),(492,75,34,'Empate',1498),(493,84,971,'Visita',3407),(494,97,564,'Empate',2411),(495,46,906,'Empate',1813),(496,71,260,'Empate',5423),(497,55,16,'Empate',2026),(498,16,558,'Empate',434),(499,99,944,'Local',3856),(500,90,882,'Empate',1242),(501,100,856,'Visita',1036),(502,20,726,'Local',451),(503,93,733,'Local',2202),(504,62,573,'Visita',3533),(505,44,626,'Empate',5455),(506,34,762,'Visita',1960),(507,39,651,'Empate',3304),(508,9,736,'Visita',1291),(509,90,43,'Empate',3489),(510,31,933,'Visita',715),(511,39,639,'Visita',1126),(512,25,110,'Visita',1043),(513,57,24,'Visita',4010),(514,34,599,'Visita',3137),(515,70,531,'Visita',1740),(516,11,229,'Visita',263),(517,6,30,'Visita',1836),(518,54,35,'Local',854),(519,30,786,'Empate',2756),(520,17,350,'Empate',2910),(521,37,932,'Local',2770),(522,51,100,'Visita',2207),(523,4,51,'Local',5483),(524,3,221,'Empate',2121),(525,96,533,'Local',2588),(526,64,833,'Empate',638),(527,55,456,'Visita',3129),(528,57,681,'Empate',1106),(529,71,341,'Visita',4050),(530,65,677,'Visita',1317),(531,36,646,'Visita',3625),(532,82,567,'Visita',2200),(533,71,441,'Empate',2915),(534,59,431,'Empate',2811),(535,99,58,'Visita',2417),(536,8,34,'Empate',5531),(537,84,503,'Local',2324),(538,77,543,'Empate',5806),(539,88,478,'Local',3219),(540,2,761,'Empate',5264),(541,69,155,'Empate',1802),(542,61,542,'Visita',2535),(543,77,750,'Empate',991),(544,60,350,'Visita',4687),(545,2,255,'Local',789),(546,81,738,'Empate',2333),(547,27,869,'Visita',3735),(548,55,158,'Local',2313),(549,70,465,'Local',3080),(550,95,926,'Visita',2255),(551,22,911,'Visita',1065),(552,94,652,'Local',4180),(553,31,904,'Visita',2779),(554,33,174,'Local',3994),(555,73,742,'Visita',5267),(556,87,975,'Local',62),(557,24,99,'Visita',4937),(558,18,310,'Local',5560),(559,56,182,'Empate',793),(560,11,261,'Local',5973),(561,27,532,'Local',284),(562,95,141,'Visita',2566),(563,62,893,'Visita',140),(564,21,35,'Empate',1705),(565,31,791,'Visita',1047),(566,3,742,'Visita',5825),(567,20,257,'Empate',4258),(568,97,291,'Local',4728),(569,66,405,'Visita',5874),(570,36,537,'Visita',3869),(571,73,899,'Local',801),(572,62,421,'Empate',2881),(573,49,118,'Local',1506),(574,79,174,'Local',4463),(575,29,413,'Empate',2896),(576,37,112,'Local',2480),(577,20,427,'Local',4234),(578,33,11,'Local',3563),(579,40,738,'Empate',4625),(580,21,171,'Visita',1551),(581,73,837,'Local',4438),(582,19,318,'Visita',3211),(583,38,932,'Empate',2016),(584,38,562,'Visita',4698),(585,63,422,'Empate',3055),(586,90,894,'Visita',1777),(587,89,259,'Visita',3669),(588,54,387,'Empate',4842),(589,8,657,'Empate',813),(590,85,554,'Empate',4502),(591,10,585,'Local',1536),(592,14,649,'Local',2123),(593,75,277,'Local',1957),(594,83,951,'Empate',5377),(595,3,16,'Visita',1689),(596,84,114,'Local',474),(597,20,585,'Empate',3507),(598,34,834,'Visita',2130),(599,6,692,'Local',3944),(600,42,904,'Local',988),(601,7,851,'Visita',3162),(602,84,727,'Visita',5610),(603,53,94,'Visita',3252),(604,21,552,'Empate',2935),(605,88,66,'Visita',2052),(606,59,256,'Empate',4713),(607,59,17,'Visita',267),(608,62,263,'Visita',2643),(609,9,103,'Empate',5500),(610,8,645,'Local',331),(611,66,188,'Visita',4729),(612,96,503,'Local',5730),(613,72,549,'Local',5682),(614,9,706,'Visita',3957),(615,56,464,'Visita',5881),(616,55,557,'Empate',1077),(617,81,229,'Visita',3329),(618,94,184,'Local',1791),(619,11,95,'Empate',5576),(620,4,795,'Visita',5501),(621,59,796,'Local',969),(622,60,214,'Visita',4642),(623,100,616,'Empate',32),(624,80,347,'Visita',1296),(625,96,90,'Local',2859),(626,100,142,'Empate',2484),(627,48,791,'Visita',1169),(628,59,609,'Visita',1788),(629,82,94,'Visita',17),(630,41,115,'Visita',3613),(631,19,706,'Empate',2970),(632,67,586,'Local',3944),(633,32,427,'Local',2510),(634,68,169,'Visita',4366),(635,54,534,'Local',4840),(636,1,276,'Empate',1948),(637,39,923,'Local',4263),(638,24,41,'Empate',242),(639,14,565,'Visita',5122),(640,9,175,'Visita',3989),(641,50,772,'Empate',4365),(642,57,651,'Empate',4962),(643,14,932,'Visita',3018),(644,27,781,'Empate',3375),(645,21,122,'Empate',5839),(646,52,566,'Visita',559),(647,86,522,'Empate',2468),(648,17,863,'Visita',1456),(649,52,521,'Visita',4387),(650,73,657,'Empate',996),(651,48,977,'Empate',4637),(652,43,596,'Empate',2534),(653,56,194,'Visita',4930),(654,6,499,'Visita',2933),(655,8,373,'Visita',3168),(656,15,378,'Empate',1757),(657,41,328,'Local',3478),(658,93,288,'Empate',4187),(659,51,103,'Local',2797),(660,36,722,'Empate',5611),(661,51,57,'Local',1728),(662,89,435,'Visita',1394),(663,67,897,'Empate',4729),(664,24,749,'Visita',3955),(665,89,420,'Local',5524),(666,94,115,'Visita',4365),(667,87,459,'Visita',4568),(668,83,762,'Local',3033),(669,60,238,'Local',2109),(670,76,903,'Empate',2614),(671,78,118,'Empate',430),(672,51,326,'Visita',4145),(673,42,983,'Visita',4568),(674,38,258,'Local',4431),(675,75,1,'Local',848),(676,75,135,'Local',4435),(677,23,678,'Visita',2128),(678,93,594,'Local',3885),(679,36,119,'Local',3513),(680,79,993,'Visita',2715),(681,41,376,'Empate',3712),(682,96,866,'Empate',1236),(683,90,32,'Visita',4405),(684,29,119,'Local',4339),(685,95,306,'Local',803),(686,76,843,'Empate',5924),(687,2,276,'Empate',890),(688,53,641,'Local',4676),(689,15,748,'Local',4448),(690,91,890,'Empate',2471),(691,76,127,'Visita',4317),(692,80,801,'Local',4453),(693,34,429,'Local',1193),(694,85,733,'Visita',602),(695,79,98,'Visita',3734),(696,80,306,'Local',5277),(697,89,20,'Empate',2470),(698,30,720,'Empate',3500),(699,94,414,'Visita',2290),(700,77,475,'Empate',3251),(701,60,129,'Empate',2179),(702,3,541,'Empate',1357),(703,60,724,'Local',5536),(704,47,85,'Local',1028),(705,8,319,'Visita',3328),(706,88,324,'Local',4589),(707,8,338,'Empate',1619),(708,22,85,'Empate',3744),(709,20,738,'Empate',429),(710,1,987,'Local',431),(711,74,968,'Empate',5157),(712,28,583,'Local',2069),(713,19,634,'Local',4678),(714,72,94,'Empate',1988),(715,47,973,'Visita',89),(716,32,864,'Local',3550),(717,89,140,'Local',618),(718,81,682,'Visita',1390),(719,41,551,'Local',4303),(720,90,16,'Visita',1174),(721,70,553,'Local',822),(722,94,871,'Empate',2486),(723,5,863,'Local',5312),(724,46,720,'Empate',719),(725,77,213,'Local',1252),(726,8,904,'Local',926),(727,39,874,'Visita',672),(728,88,77,'Empate',4914),(729,67,923,'Empate',3282),(730,60,553,'Visita',5272),(731,66,566,'Empate',5773),(732,42,422,'Local',48),(733,61,633,'Local',5039),(734,99,23,'Local',4663),(735,26,86,'Visita',4386),(736,36,647,'Empate',553),(737,39,549,'Visita',2375),(738,18,307,'Visita',1379),(739,33,333,'Local',2190),(740,7,942,'Empate',5321),(741,97,877,'Local',4176),(742,99,717,'Empate',5107),(743,56,997,'Visita',3368),(744,57,885,'Local',5779),(745,56,550,'Visita',5087),(746,84,933,'Empate',2143),(747,15,97,'Visita',4211),(748,39,307,'Local',843),(749,15,665,'Visita',951),(750,4,434,'Local',5605),(751,47,896,'Local',4295),(752,36,821,'Visita',1723),(753,80,382,'Local',1575),(754,31,51,'Empate',1636),(755,35,343,'Local',3909),(756,86,656,'Visita',2211),(757,17,806,'Local',5491),(758,67,552,'Local',4581),(759,67,968,'Empate',5941),(760,76,340,'Empate',5493),(761,98,719,'Local',3214),(762,40,2,'Local',2484),(763,55,649,'Empate',646),(764,8,161,'Empate',1304),(765,44,145,'Local',410),(766,70,60,'Local',192),(767,55,186,'Local',5118),(768,91,86,'Visita',2529),(769,95,320,'Visita',5699),(770,53,558,'Empate',5621),(771,41,386,'Visita',5126),(772,12,396,'Local',585),(773,100,945,'Empate',635),(774,6,182,'Local',2516),(775,9,638,'Local',1580),(776,68,462,'Visita',1067),(777,7,991,'Local',2794),(778,60,633,'Local',5300),(779,81,178,'Local',3293),(780,21,481,'Local',2173),(781,60,912,'Local',1314),(782,100,115,'Empate',4025),(783,93,214,'Local',3475),(784,34,741,'Visita',2223),(785,22,773,'Local',5195),(786,23,622,'Visita',1309),(787,40,858,'Visita',2837),(788,69,108,'Empate',4413),(789,55,862,'Local',2920),(790,32,496,'Visita',402),(791,48,380,'Visita',2960),(792,13,228,'Local',682),(793,10,396,'Local',4213),(794,24,869,'Visita',4829),(795,31,251,'Empate',5808),(796,22,206,'Visita',3994),(797,57,250,'Local',1132),(798,35,224,'Empate',1732),(799,58,758,'Visita',2072),(800,36,315,'Visita',5383),(801,54,847,'Local',5655),(802,19,630,'Empate',309),(803,85,218,'Visita',3403),(804,59,181,'Local',934),(805,60,215,'Visita',3010),(806,21,530,'Local',5147),(807,75,843,'Local',3474),(808,83,254,'Local',1567),(809,27,733,'Visita',819),(810,95,98,'Local',1581),(811,33,280,'Visita',4944),(812,50,128,'Empate',3223),(813,5,460,'Local',2824),(814,44,599,'Visita',1237),(815,60,430,'Empate',4208),(816,57,435,'Local',5315),(817,32,770,'Local',749),(818,52,726,'Empate',3598),(819,43,365,'Visita',3966),(820,73,494,'Visita',2466),(821,28,707,'Visita',1557),(822,39,478,'Visita',4621),(823,81,665,'Local',5183),(824,32,653,'Empate',5937),(825,96,661,'Empate',5892),(826,60,937,'Visita',2931),(827,19,231,'Empate',68),(828,68,789,'Empate',3260),(829,29,177,'Visita',306),(830,66,882,'Empate',4788),(831,47,147,'Local',1382),(832,2,993,'Visita',1900),(833,11,315,'Visita',2380),(834,26,24,'Local',5287),(835,42,735,'Empate',622),(836,78,639,'Local',5758),(837,60,348,'Local',3230),(838,79,196,'Empate',3166),(839,63,796,'Empate',1621),(840,3,385,'Local',4238),(841,27,684,'Empate',3452),(842,33,813,'Empate',1163),(843,13,924,'Empate',3480),(844,3,761,'Local',2838),(845,83,192,'Empate',3244),(846,3,734,'Empate',2819),(847,67,452,'Visita',5065),(848,99,930,'Visita',310),(849,55,64,'Empate',5892),(850,43,594,'Empate',5481),(851,72,81,'Visita',146),(852,42,536,'Empate',883),(853,11,214,'Visita',3713),(854,41,374,'Local',1965),(855,27,819,'Empate',2383),(856,51,974,'Empate',2697),(857,14,221,'Visita',3926),(858,100,893,'Visita',4722),(859,82,106,'Visita',2199),(860,34,680,'Local',4274),(861,74,552,'Local',1661),(862,24,759,'Local',1669),(863,17,293,'Visita',4438),(864,91,104,'Empate',5412),(865,58,688,'Local',2888),(866,44,520,'Empate',4641),(867,4,995,'Local',603),(868,90,418,'Local',1489),(869,17,826,'Visita',105),(870,35,405,'Local',4795),(871,1,187,'Empate',2294),(872,45,611,'Empate',520),(873,67,536,'Local',4621),(874,25,926,'Local',3070),(875,64,316,'Empate',4483),(876,35,478,'Empate',3726),(877,89,788,'Visita',5621),(878,69,633,'Empate',3444),(879,10,505,'Empate',1428),(880,61,447,'Local',2285),(881,3,726,'Empate',1646),(882,56,396,'Local',1297),(883,100,544,'Local',1520),(884,77,782,'Empate',369),(885,10,370,'Empate',5776),(886,83,948,'Empate',575),(887,42,764,'Visita',5524),(888,63,758,'Local',3490),(889,36,554,'Visita',2324),(890,31,964,'Local',5301),(891,58,373,'Local',1688),(892,2,286,'Empate',5867),(893,73,362,'Empate',4926),(894,66,925,'Visita',327),(895,88,519,'Visita',4112),(896,91,529,'Local',41),(897,17,629,'Empate',4175),(898,77,355,'Empate',796),(899,43,545,'Visita',1592),(900,65,643,'Empate',5183),(901,75,448,'Visita',4657),(902,18,828,'Empate',3933),(903,53,295,'Empate',2789),(904,54,558,'Empate',5511),(905,63,443,'Local',3422),(906,59,664,'Local',1040),(907,24,670,'Visita',3402),(908,100,119,'Visita',3032),(909,26,942,'Local',787),(910,7,989,'Local',5254),(911,36,447,'Visita',1381),(912,53,733,'Empate',5769),(913,50,39,'Empate',1100),(914,80,237,'Empate',740),(915,67,712,'Visita',406),(916,79,351,'Local',1152),(917,37,505,'Empate',3615),(918,85,883,'Empate',5327),(919,82,737,'Local',4907),(920,92,729,'Local',3478),(921,44,999,'Local',3382),(922,51,368,'Empate',2281),(923,10,804,'Local',4887),(924,90,668,'Visita',3881),(925,40,685,'Empate',5437),(926,43,4,'Empate',2937),(927,13,216,'Visita',3294),(928,23,880,'Empate',5238),(929,7,183,'Local',4273),(930,65,630,'Local',5874),(931,42,247,'Local',1048),(932,19,439,'Visita',4516),(933,66,182,'Empate',21),(934,95,516,'Empate',3264),(935,83,722,'Local',1285),(936,22,98,'Empate',2858),(937,54,888,'Empate',1914),(938,74,875,'Empate',1954),(939,14,728,'Empate',5212),(940,21,143,'Local',1538),(941,37,841,'Visita',747),(942,26,653,'Empate',2653),(943,72,935,'Visita',4124),(944,19,127,'Empate',3412),(945,13,854,'Empate',2219),(946,5,262,'Local',329),(947,21,291,'Local',2229),(948,23,551,'Visita',2757),(949,95,338,'Visita',447),(950,25,496,'Empate',3652),(951,73,261,'Local',4296),(952,33,154,'Empate',369),(953,86,615,'Visita',966),(954,39,631,'Local',1165),(955,99,307,'Visita',5),(956,19,204,'Empate',2304),(957,93,529,'Visita',3440),(958,54,791,'Empate',3202),(959,10,645,'Empate',2346),(960,47,785,'Visita',3952),(961,1,535,'Visita',1821),(962,32,806,'Empate',3391),(963,94,357,'Empate',3723),(964,85,259,'Visita',147),(965,21,475,'Empate',2650),(966,29,499,'Local',2261),(967,28,272,'Local',3367),(968,55,537,'Empate',809),(969,13,203,'Visita',5336),(970,2,706,'Visita',4124),(971,95,367,'Empate',366),(972,50,227,'Empate',259),(973,98,554,'Visita',1492),(974,1,882,'Visita',1565),(975,46,41,'Empate',630),(976,68,517,'Local',3570),(977,38,499,'Local',2755),(978,37,903,'Empate',518),(979,78,314,'Visita',4883),(980,16,873,'Visita',5798),(981,81,252,'Local',5425),(982,37,914,'Local',1323),(983,90,784,'Visita',2881),(984,30,168,'Empate',4935),(985,11,591,'Local',3283),(986,4,757,'Local',5978),(987,31,692,'Empate',5135),(988,60,22,'Visita',1694),(989,28,34,'Visita',1407),(990,4,822,'Visita',5835),(991,75,333,'Empate',5615),(992,12,3,'Empate',225),(993,63,878,'Visita',695),(994,35,120,'Empate',5024),(995,58,988,'Visita',4765),(996,88,310,'Local',5476),(997,84,963,'Local',2347),(998,86,697,'Visita',2116),(999,100,935,'Visita',964),(1000,83,192,'Empate',2755);
/*!40000 ALTER TABLE `apuestas` ENABLE KEYS */;
UNLOCK TABLES;

--
-- Table structure for table `equipos`
--

DROP TABLE IF EXISTS `equipos`;
/*!40101 SET @saved_cs_client     = @@character_set_client */;
/*!50503 SET character_set_client = utf8mb4 */;
CREATE TABLE `equipos` (
  `id_Equipo` int DEFAULT NULL,
  `Nombre_Equipo` varchar(50) DEFAULT NULL,
  `id_Liga` int DEFAULT NULL,
  `Partidos_Ganados` int DEFAULT NULL,
  `Partidos_Empatados` int DEFAULT NULL,
  `Partidos_Perdidos` int DEFAULT NULL,
  `Ganados_Ultimos5` int DEFAULT NULL,
  `Empatados_Ultimos5` int DEFAULT NULL,
  `Perdidos_Ultimos5` int DEFAULT NULL,
  `Goles_Anotados` int DEFAULT NULL,
  `Goles_Concedidos` int DEFAULT NULL,
  `Tarjetas_Rojas` int DEFAULT NULL,
  `Tarjetas_Amarillas` int DEFAULT NULL,
  `Puntos` int DEFAULT NULL
) ENGINE=InnoDB DEFAULT CHARSET=utf8mb4 COLLATE=utf8mb4_0900_ai_ci;
/*!40101 SET character_set_client = @saved_cs_client */;

--
-- Dumping data for table `equipos`
--

LOCK TABLES `equipos` WRITE;
/*!40000 ALTER TABLE `equipos` DISABLE KEYS */;
INSERT INTO `equipos` VALUES (1,'Twimm',1,5,1,14,2,3,0,44,22,1,23,16),(2,'Cogidoo',2,2,4,14,2,0,3,53,38,3,2,10),(3,'Shufflebeat',3,14,0,6,0,2,3,47,45,6,37,42),(4,'Tagopia',4,5,3,12,0,3,2,29,15,10,28,18),(5,'Chatterbridge',1,0,0,20,0,2,3,49,90,2,42,0),(6,'Dablist',2,10,1,9,1,0,4,16,30,8,29,31),(7,'Photofeed',3,10,2,8,2,0,3,45,73,5,10,32),(8,'Devshare',4,10,2,8,1,1,3,71,39,0,1,32),(9,'Kimia',1,0,1,19,0,3,2,68,31,11,50,1),(10,'Divape',2,13,5,2,2,2,1,40,32,6,28,44),(11,'Jaloo',3,13,1,6,1,1,3,49,75,8,25,40),(12,'Dynabox',4,14,1,5,1,0,4,73,46,0,26,43),(13,'Zoonder',1,9,4,7,2,2,1,27,54,0,41,31),(14,'Jamia',2,7,3,10,1,1,3,54,63,7,21,24),(15,'Dynabox',3,7,0,13,0,2,3,75,50,8,48,21),(16,'Yodoo',4,15,2,3,0,2,3,46,62,11,30,47),(17,'Fivechat',1,3,3,14,2,0,3,28,95,6,57,12),(18,'Feednation',2,15,4,1,0,2,3,10,53,2,15,49),(19,'Oyoloo',3,6,5,9,0,3,2,23,63,5,36,23),(20,'Meevee',4,15,1,4,2,2,1,53,93,7,3,46),(21,'Youtags',1,12,0,8,2,3,0,65,70,9,44,36),(22,'Zooxo',2,10,3,7,2,0,3,46,55,9,45,33),(23,'Voonder',3,12,1,7,2,1,2,21,88,9,38,37),(24,'Midel',4,2,2,16,2,3,0,71,95,11,9,8),(25,'Zoonder',1,6,3,11,2,3,0,38,80,8,21,21),(26,'Edgewire',2,4,4,12,2,1,2,71,97,10,60,16),(27,'Quimba',3,7,5,8,0,2,3,24,74,9,8,26),(28,'Twimbo',4,3,0,17,1,2,2,42,88,5,55,9),(29,'Dazzlesphere',1,2,5,13,1,2,2,51,85,6,2,11),(30,'Buzzdog',2,9,3,8,1,0,4,54,99,4,37,30),(31,'Kayveo',3,6,3,11,1,2,2,39,89,12,37,21),(32,'Edgeclub',4,10,2,8,2,0,3,17,91,5,9,32),(33,'Tazzy',1,5,1,14,2,3,0,11,21,5,24,16),(34,'Oloo',2,1,1,18,2,1,2,28,55,2,5,4),(35,'Flipopia',3,5,5,10,0,0,5,35,70,11,5,20),(36,'Agivu',4,2,0,18,2,0,3,10,26,3,4,6),(37,'Omba',1,5,2,13,2,0,3,11,31,11,49,17),(38,'Shufflester',2,6,4,10,0,3,2,15,79,9,53,22),(39,'DabZ',3,8,3,9,1,0,4,43,32,12,25,27),(40,'Photobean',4,6,2,12,0,3,2,24,75,0,39,20),(41,'Tagchat',1,8,2,10,0,0,5,24,86,8,60,26),(42,'Agivu',2,7,1,12,0,3,2,31,91,7,23,22),(43,'Tagpad',3,15,0,5,2,3,0,57,75,9,58,45),(44,'Thoughtstorm',4,4,4,12,0,0,5,30,85,9,50,16),(45,'Demivee',1,0,2,18,0,3,2,30,10,7,51,2),(46,'Livepath',2,2,0,18,1,1,3,13,79,7,34,6),(47,'Jabberbean',3,5,0,15,1,1,3,50,93,5,3,15),(48,'Youopia',4,1,5,14,0,2,3,17,100,6,15,8),(49,'Bubblemix',1,6,3,11,0,2,3,15,64,5,39,21),(50,'Bubblebox',2,14,2,4,0,2,3,25,22,1,27,44),(51,'DabZ',3,0,2,18,0,1,4,40,78,5,32,2),(52,'Zoonoodle',4,3,2,15,0,0,5,12,100,10,35,11),(53,'Voolith',1,1,4,15,2,3,0,41,52,9,26,7),(54,'Jabbertype',2,8,0,12,2,1,2,26,23,6,3,24),(55,'Divanoodle',3,15,2,3,1,3,1,68,47,6,39,47),(56,'Youopia',4,5,3,12,2,0,3,12,43,6,0,18),(57,'Voomm',1,9,5,6,1,1,3,40,21,2,54,32),(58,'Wordtune',2,3,2,15,2,2,1,59,23,5,36,11),(59,'Gevee',3,15,1,4,2,2,1,44,44,3,18,46),(60,'Skyvu',4,2,1,17,2,1,2,25,42,8,50,7),(61,'Skidoo',1,9,0,11,2,2,1,22,18,6,10,27),(62,'Tanoodle',2,4,2,14,2,3,0,14,33,1,37,14),(63,'Youspan',3,6,5,9,2,3,0,52,15,11,3,23),(64,'Demizz',4,1,2,17,2,0,3,22,60,7,18,5),(65,'Voonix',1,8,1,11,2,0,3,66,11,11,5,25),(66,'Dynava',2,14,1,5,1,0,4,31,72,7,42,43),(67,'Jatri',3,4,4,12,0,0,5,75,64,12,45,16),(68,'Innotype',4,2,3,15,1,3,1,22,20,6,5,9),(69,'Skyba',1,0,4,16,2,0,3,64,55,11,58,4),(70,'Photobean',2,1,1,18,1,0,4,33,35,10,24,4),(71,'Quimba',3,14,3,3,2,1,2,13,9,11,13,45),(72,'Oyondu',4,1,0,19,1,1,3,59,51,5,28,3),(73,'Aimbo',1,3,3,14,2,0,3,50,22,2,56,12),(74,'Dabtype',2,6,1,13,0,2,3,12,18,9,40,19),(75,'Kwilith',3,3,0,17,0,2,3,29,90,3,42,9),(76,'Chatterpoint',4,10,3,7,2,1,2,17,84,4,36,33),(77,'Skimia',1,0,1,19,2,1,2,42,81,2,30,1),(78,'Cogilith',2,14,2,4,1,3,1,39,67,3,17,44),(79,'Layo',3,5,5,10,0,0,5,65,86,12,53,20),(80,'Realmix',4,6,0,14,1,2,2,41,26,1,44,18);
/*!40000 ALTER TABLE `equipos` ENABLE KEYS */;
UNLOCK TABLES;

--
-- Table structure for table `jugadores`
--

DROP TABLE IF EXISTS `jugadores`;
/*!40101 SET @saved_cs_client     = @@character_set_client */;
/*!50503 SET character_set_client = utf8mb4 */;
CREATE TABLE `jugadores` (
  `id_Jugador` int DEFAULT NULL,
  `Nombre` varchar(50) DEFAULT NULL,
  `id_Equipo` int DEFAULT NULL,
  `Juegos_Jugados` int DEFAULT NULL,
  `Minutos_Jugados` int DEFAULT NULL,
  `Goles_Anotados` int DEFAULT NULL,
  `Goles_Concedidos` int DEFAULT NULL,
  `Tarjetas_Rojas` int DEFAULT NULL,
  `Tarjetas_Amarillas` int DEFAULT NULL
) ENGINE=InnoDB DEFAULT CHARSET=utf8mb4 COLLATE=utf8mb4_0900_ai_ci;
/*!40101 SET character_set_client = @saved_cs_client */;

--
-- Dumping data for table `jugadores`
--

LOCK TABLES `jugadores` WRITE;
/*!40000 ALTER TABLE `jugadores` DISABLE KEYS */;
INSERT INTO `jugadores` VALUES (1,'Nessie Tomczykowski',1,14,1260,2,0,4,8),(2,'Sheffield Childers',2,2,90,6,0,3,10),(3,'Garald Cappleman',3,0,0,5,0,0,6),(4,'Trista Caldwell',4,7,315,8,0,1,5),(5,'Ali Hollyland',5,20,1800,3,0,0,17),(6,'Dreddy Arpe',6,5,225,9,0,2,5),(7,'Sigismondo Wasselin',7,10,450,2,0,3,0),(8,'Miguelita Bernaciak',8,4,180,0,0,1,12),(9,'Fred Hayes',9,10,450,8,14,1,12),(10,'Gussi Fleay',10,10,450,12,0,1,1),(11,'Krissie Ivanuschka',11,19,1710,7,0,1,4),(12,'Gris Betterton',12,14,1260,10,0,2,0),(13,'Lorant Cansfield',13,6,270,2,0,1,8),(14,'Corly Orth',14,1,45,10,0,0,6),(15,'Maddy Bumby',15,1,45,7,9,1,0),(16,'Ali Lipmann',16,10,450,0,0,0,4),(17,'Gail McTurley',17,2,90,9,0,1,14),(18,'Doy Coopey',18,5,225,8,0,0,3),(19,'Hastie Kopman',19,14,1260,12,0,0,15),(20,'Avery Skittle',20,4,180,4,0,0,2),(21,'Verne Bezzant',21,8,360,12,0,2,1),(22,'Sherwynd Bonniface',22,6,270,10,23,4,8),(23,'Arvy Junes',23,5,225,1,0,3,5),(24,'Sasha Bibb',24,7,315,12,0,0,10),(25,'Ritchie Saleway',25,14,1260,2,0,1,11),(26,'Chrysa Lowater',26,0,0,2,22,4,16),(27,'Jaquelin Short',27,8,360,0,11,1,14),(28,'Lonna Bridgestock',28,7,315,0,0,0,3),(29,'Chancey Marchelli',29,8,360,11,0,0,19),(30,'Vonni De Wolfe',30,17,1530,2,0,0,10),(31,'Wendy Sibly',31,4,180,4,0,0,13),(32,'Martie Craigheid',32,19,1710,4,0,1,3),(33,'Stinky Blackadder',33,14,1260,10,0,1,19),(34,'Selma Kilgrove',34,11,990,11,0,2,6),(35,'Desiree Wildash',35,9,405,1,0,0,7),(36,'Duffy Lared',36,19,1710,8,0,0,16),(37,'Hieronymus MacDonald',37,3,135,9,0,1,18),(38,'Constantina Fountian',38,6,270,10,0,0,14),(39,'Chrysa Sale',39,6,270,12,0,2,4),(40,'Minette Plumridege',40,15,1350,12,0,1,0),(41,'Johannes Whillock',41,6,270,7,0,2,8),(42,'Gene Magor',42,0,0,7,0,1,3),(43,'Brit Oldred',43,17,1530,11,0,4,11),(44,'Natalie Roj',44,18,1620,5,0,3,1),(45,'Kendricks Batiste',45,13,1170,5,0,4,0),(46,'Deeanne Whaley',46,2,90,4,0,0,20),(47,'Wendell Summerfield',47,9,405,9,0,3,7),(48,'Tracee Posselwhite',48,16,1440,1,0,0,12),(49,'Evelin Tettley',49,5,225,1,0,4,7),(50,'Maude Velasquez',50,16,1440,10,0,1,11),(51,'Lindsay Cowdroy',51,12,1080,10,21,0,13),(52,'Pierce Patershall',52,2,90,6,0,0,7),(53,'Kerrin Gettings',53,16,1440,4,0,2,13),(54,'Giulio Martyns',54,0,0,1,0,0,9),(55,'Any Bossel',55,13,1170,9,0,0,18),(56,'Robinette Maughan',56,10,450,12,18,2,2),(57,'Petronilla O\'Cullinane',57,5,225,8,0,0,6),(58,'Janice Congrave',58,6,270,8,0,0,16),(59,'Bruce Le Ball',59,19,1710,3,0,2,11),(60,'Early Jeandon',60,12,1080,7,0,3,2),(61,'Clary Gamage',61,16,1440,4,23,1,6),(62,'Cathee Charrisson',62,10,450,8,0,0,14),(63,'Nicky Yushachkov',63,14,1260,9,0,1,2),(64,'Ki Silverman',64,15,1350,10,0,2,5),(65,'Alan Probbin',65,15,1350,9,0,0,16),(66,'Micah Pelham',66,6,270,6,0,0,7),(67,'Bamby Cunnow',67,15,1350,3,0,2,4),(68,'Nancee Carneck',68,9,405,11,0,0,20),(69,'Morgun Mockett',69,6,270,3,22,4,10),(70,'Winslow Fancet',70,6,270,0,0,1,11),(71,'Marianna Whannel',71,14,1260,10,9,0,12),(72,'Nealy Lynch',72,12,1080,12,0,0,2),(73,'Marshal Loosely',73,4,180,6,0,0,14),(74,'Cornell Toll',74,20,1800,3,24,3,5),(75,'Abagail Shapter',75,4,180,11,18,2,0),(76,'Rance Bridger',76,10,450,1,0,1,17),(77,'Felisha Kinloch',77,20,1800,9,17,1,16),(78,'Ephrem Hiseman',78,0,0,11,0,0,14),(79,'Paul Gadaud',79,18,1620,5,0,0,14),(80,'Norene Neilands',80,4,180,0,18,1,20),(81,'Joseph Bondar',1,7,315,9,0,1,15),(82,'Mireille Le Quesne',2,10,450,7,0,1,11),(83,'Vita O\'Dee',3,20,1800,5,0,0,0),(84,'Tate Crossby',4,16,1440,0,0,1,14),(85,'Rosabella Brunn',5,18,1620,11,0,3,17),(86,'Stephanie Boddam',6,14,1260,7,0,0,4),(87,'Daveta Felton',7,6,270,12,0,0,10),(88,'Garwood Carthew',8,0,0,6,0,1,14),(89,'Katti Feasey',9,16,1440,10,0,2,0),(90,'Duke Davidsson',10,19,1710,10,0,0,0),(91,'Rivi Eblein',11,4,180,1,0,2,19),(92,'Roman Flippen',12,9,405,2,0,0,7),(93,'Konstance Leynagh',13,13,1170,7,9,2,16),(94,'Maxine Crafts',14,12,1080,2,0,0,11),(95,'Gabriel McCormick',15,14,1260,11,0,3,20),(96,'Bendite Ludron',16,5,225,1,0,0,15),(97,'Nikola Jouning',17,10,450,7,0,1,7),(98,'Lyssa Lawland',18,1,45,12,0,0,8),(99,'Abigail Totman',19,5,225,5,0,0,6),(100,'Berny Nimmo',20,13,1170,10,0,1,10),(101,'Ole Iacavone',21,5,225,11,17,3,3),(102,'Thia Powis',22,17,1530,12,0,2,20),(103,'Christalle Book',23,11,990,1,0,0,16),(104,'Tiebold Tassaker',24,18,1620,8,0,0,16),(105,'Jerrie Leftly',25,2,90,4,0,0,13),(106,'Inness Treneman',26,4,180,8,0,0,19),(107,'Roxanna Hutchcraft',27,4,180,3,0,2,20),(108,'Moise Newsham',28,2,90,10,25,0,15),(109,'Trey Oddboy',29,19,1710,8,0,0,19),(110,'Cornelius Maggorini',30,13,1170,3,0,0,4),(111,'Barbra Boot',31,3,135,12,0,0,6),(112,'Filmer Mashal',32,3,135,7,0,4,6),(113,'Ike Edgeson',33,1,45,11,0,0,8),(114,'Ferdinanda Johanssen',34,20,1800,2,0,0,7),(115,'Tirrell Henrot',35,10,450,12,0,2,8),(116,'Margaux Fessions',36,1,45,10,0,0,3),(117,'Stephan Thyer',37,7,315,8,29,0,17),(118,'Monique Longwood',38,16,1440,7,0,1,11),(119,'Lorne Conrart',39,16,1440,7,29,0,3),(120,'Trever Donneely',40,17,1530,11,0,0,20),(121,'Ave Laverty',41,5,225,8,25,0,5),(122,'Cece Bycraft',42,3,135,2,0,1,1),(123,'Cathleen Speere',43,5,225,10,27,0,17),(124,'Darda Althrop',44,16,1440,5,0,0,3),(125,'Marj Trewman',45,3,135,7,0,0,15),(126,'Gabrila Jeppe',46,13,1170,11,0,0,2),(127,'Cameron Saville',47,5,225,8,22,0,2),(128,'Leoline Goldster',48,18,1620,4,0,1,2),(129,'Essy McPhilip',49,11,990,9,10,0,19),(130,'Pepito Brickham',50,4,180,10,9,2,13),(131,'Paulie Glauber',51,13,1170,2,0,0,7),(132,'Lewiss Latehouse',52,4,180,6,12,0,10),(133,'Marylinda MacConnell',53,11,990,11,0,3,12),(134,'Yank Swann',54,15,1350,6,0,0,3),(135,'Genni Rawnsley',55,16,1440,5,13,2,4),(136,'Dorothee Romanetti',56,12,1080,4,0,0,18),(137,'Yetta Philpott',57,8,360,7,0,0,13),(138,'Rockey De Vuyst',58,11,990,7,0,1,0),(139,'Ray Gleeton',59,1,45,3,0,0,11),(140,'Yelena Meyer',60,12,1080,10,0,0,17),(141,'Lethia Chaperlin',61,1,45,7,0,2,20),(142,'Cybil Servante',62,6,270,12,0,1,16),(143,'Zerk Rhucroft',63,2,90,5,24,0,8),(144,'Frieda Carlan',64,17,1530,2,0,1,3),(145,'Madeleine de Guerre',65,9,405,2,0,2,14),(146,'Creighton Jillard',66,9,405,5,14,1,10),(147,'Ave Adel',67,6,270,6,0,3,15),(148,'Frazier Schowenburg',68,10,450,2,0,0,16),(149,'Carlos Creasy',69,0,0,4,0,0,9),(150,'Tuck McGarel',70,11,990,1,24,2,8),(151,'Dunstan Easterbrook',71,12,1080,4,0,0,5),(152,'Hanna Chamberlaine',72,4,180,6,0,0,10),(153,'Maryanna Bowness',73,5,225,7,0,0,15),(154,'Lauren Bovingdon',74,0,0,8,0,0,16),(155,'Shay Ochterlony',75,5,225,4,0,3,11),(156,'Nap Omond',76,2,90,9,0,0,5),(157,'Johnath Toffoletto',77,1,45,12,0,0,7),(158,'Emylee Dooman',78,15,1350,11,0,0,0),(159,'Pietra Filyashin',79,6,270,2,20,0,10),(160,'Derwin Kerfut',80,3,135,10,29,3,14),(161,'Atlanta Florio',1,2,90,5,23,0,15),(162,'Rachele Lovatt',2,9,405,11,0,2,19),(163,'Joanna Wenderoth',3,3,135,0,18,1,1),(164,'Anjanette Yushankin',4,2,90,3,0,3,9),(165,'Georges Bulle',5,17,1530,3,0,0,0),(166,'Dannel Cunnow',6,17,1530,4,0,0,18),(167,'Raynell McAusland',7,3,135,1,0,1,11),(168,'Laurena Kondratyuk',8,5,225,1,0,0,0),(169,'Reuben Macknish',9,16,1440,11,0,2,5),(170,'Darbee Servant',10,20,1800,0,0,0,8),(171,'Quillan Horley',11,16,1440,7,0,3,9),(172,'Billi Laimable',12,20,1800,3,0,0,14),(173,'Hugibert Barff',13,12,1080,9,0,1,17),(174,'Philippa Jenkins',14,19,1710,7,0,0,3),(175,'Mariellen Keijser',15,13,1170,8,0,4,9),(176,'Carmella Cawkwell',16,10,450,10,0,1,7),(177,'Aileen Bosson',17,18,1620,9,19,0,14),(178,'Jori Harpin',18,18,1620,4,0,0,16),(179,'Den Jorg',19,7,315,8,0,0,12),(180,'Natalie Grzelczak',20,15,1350,5,0,2,16),(181,'Ileana Maggill\'Andreis',21,12,1080,11,0,0,17),(182,'Gabriello Louiset',22,2,90,10,0,0,9),(183,'Rodie Worsham',23,7,315,11,0,3,10),(184,'Clarey Kleinstub',24,2,90,11,0,2,10),(185,'Marlie Peron',25,13,1170,4,0,0,3),(186,'Royall Paton',26,10,450,1,0,3,19),(187,'Lowell Wrangle',27,12,1080,1,29,0,3),(188,'Zea Persian',28,0,0,11,0,0,7),(189,'Merl Sculley',29,17,1530,4,0,1,9),(190,'Cathee Scouse',30,4,180,1,0,3,15),(191,'Nady Pickthorne',31,19,1710,12,17,0,14),(192,'Giacobo Duchateau',32,12,1080,5,0,3,19),(193,'Glen Seathwright',33,10,450,4,0,0,10),(194,'Franciska Glas',34,16,1440,11,12,1,9),(195,'Hyman M\'Barron',35,6,270,9,22,0,6),(196,'Hobie Dahl',36,7,315,12,0,0,14),(197,'Kakalina Villa',37,8,360,2,0,0,1),(198,'Winona McRitchie',38,9,405,6,0,1,9),(199,'Mathias Brushneen',39,1,45,11,0,1,4),(200,'Wang Playford',40,0,0,8,23,1,6),(201,'Tabina Rottgers',41,14,1260,1,20,0,11),(202,'Nichols Burrus',42,5,225,11,0,2,17),(203,'Abra Wraggs',43,2,90,6,0,2,17),(204,'Starlin Sidle',44,13,1170,2,0,3,17),(205,'Miner Gerbel',45,19,1710,2,16,0,3),(206,'Kathleen Eronie',46,10,450,7,0,0,6),(207,'Sarine Burnand',47,19,1710,5,15,0,16),(208,'Manda Dockery',48,9,405,8,17,0,4),(209,'Babs Warwick',49,3,135,10,0,1,12),(210,'Darlene Musprat',50,10,450,12,0,2,15),(211,'Marcello Spittles',51,2,90,9,14,0,6),(212,'Bartholemy Aiskovitch',52,5,225,2,0,4,12),(213,'Natividad Tureville',53,8,360,5,0,0,11),(214,'Cara Dowell',54,19,1710,6,0,0,15),(215,'Hillie Tunbridge',55,14,1260,0,0,0,6),(216,'Marni Barwell',56,19,1710,4,0,0,7),(217,'Ronnica Nend',57,5,225,0,0,1,12),(218,'Alexio Eshelby',58,1,45,6,0,0,6),(219,'Moreen Tollemache',59,4,180,4,0,0,0),(220,'Guglielma Woller',60,20,1800,0,25,1,5),(221,'Cristal Trippick',61,5,225,1,22,3,17),(222,'Merrick Garriock',62,1,45,8,14,0,13),(223,'Morie Chaperling',63,15,1350,6,9,1,7),(224,'Charline Tarling',64,5,225,11,0,0,10),(225,'Claiborn Odby',65,6,270,8,0,0,12),(226,'Tierney Meakes',66,15,1350,2,20,1,3),(227,'Fax Waldrum',67,17,1530,7,0,0,18),(228,'Nickie Vescovo',68,7,315,11,0,1,19),(229,'Briant Scraney',69,14,1260,8,0,0,3),(230,'Greg Jeffcock',70,6,270,8,0,1,12),(231,'Broderic Bogey',71,15,1350,11,0,2,7),(232,'Retha Plewman',72,2,90,7,15,1,13),(233,'Rolando Brambell',73,13,1170,4,0,0,19),(234,'Maressa Kesey',74,18,1620,6,29,0,11),(235,'Elysee Younglove',75,3,135,7,21,1,19),(236,'Corine Janney',76,11,990,8,0,1,5),(237,'Celka Jeenes',77,14,1260,5,0,0,12),(238,'Darla Childers',78,9,405,1,0,3,8),(239,'Karole Delaney',79,14,1260,0,0,1,6),(240,'Gayle Cosbee',80,6,270,8,0,0,6),(241,'Marlin Gillinghams',1,11,990,7,0,0,20),(242,'Margaux Given',2,10,450,6,10,1,5),(243,'Starr Hearse',3,20,1800,8,22,2,5),(244,'Kelly Jime',4,13,1170,4,0,1,20),(245,'Elton Splevins',5,15,1350,12,16,2,5),(246,'Doll Abeau',6,0,0,3,14,1,18),(247,'Tove Gillingham',7,15,1350,0,0,3,8),(248,'Raynell Halewood',8,8,360,6,0,1,1),(249,'Prinz Fosbraey',9,6,270,10,0,2,3),(250,'Gordy Teml',10,16,1440,6,0,2,17),(251,'Clemens Pumphrey',11,7,315,12,0,4,2),(252,'Romain Knill',12,2,90,9,0,0,2),(253,'Catrina Pieter',13,9,405,2,0,4,5),(254,'Audrey Rogeron',14,5,225,9,0,1,17),(255,'Anestassia Nealy',15,4,180,7,0,3,3),(256,'Silvanus Victoria',16,9,405,6,0,3,3),(257,'Addie Zuann',17,4,180,4,0,1,19),(258,'Drucie Spraggs',18,20,1800,0,0,0,9),(259,'Deva Filipyev',19,0,0,9,18,1,17),(260,'Dagny Maciak',20,14,1260,0,0,0,1),(261,'Hedwig Kidson',21,0,0,10,0,3,5),(262,'Nicky Mossman',22,5,225,2,0,4,4),(263,'Rosalia Carpenter',23,6,270,9,9,1,10),(264,'Annabel Maymand',24,17,1530,4,29,2,20),(265,'Felisha Kunert',25,1,45,8,18,0,14),(266,'Jefferey Kelling',26,19,1710,1,0,1,9),(267,'Jourdan Hegarty',27,20,1800,9,0,0,17),(268,'Jean Surby',28,13,1170,3,17,1,12),(269,'Harlin Cosans',29,0,0,2,0,0,9),(270,'Marcille Botterell',30,6,270,7,0,0,18),(271,'Jobi Bedson',31,10,450,5,0,2,11),(272,'Gerhard Rounding',32,20,1800,0,0,0,1),(273,'Victor Kinnie',33,10,450,9,0,0,2),(274,'Eveline Vayne',34,16,1440,9,0,0,20),(275,'Ad Arnoll',35,15,1350,5,0,0,4),(276,'Colas Wrack',36,4,180,1,26,1,5),(277,'Xenia Deex',37,1,45,3,0,0,0),(278,'Halette Armand',38,8,360,0,0,0,1),(279,'Erin Trayhorn',39,8,360,0,25,1,13),(280,'Troy Dobeson',40,4,180,8,14,2,3),(281,'Tiphanie Denacamp',41,20,1800,9,0,0,10),(282,'West Juett',42,0,0,11,26,1,1),(283,'Dietrich Lethlay',43,2,90,12,0,0,4),(284,'Gwennie Handmore',44,4,180,10,0,0,3),(285,'Gabriellia Tite',45,20,1800,11,0,1,20),(286,'Nonna Souness',46,11,990,10,23,2,17),(287,'Chaddie Bridgen',47,2,90,11,0,0,4),(288,'Kelley O\'Noulane',48,20,1800,6,23,0,16),(289,'Bendick Stobo',49,19,1710,5,0,3,13),(290,'Sallee Skeates',50,0,0,4,0,1,8),(291,'Freeland Bacon',51,0,0,6,0,3,11),(292,'Drusi Hugnot',52,15,1350,11,0,0,0),(293,'Cathy Scholcroft',53,16,1440,7,0,2,14),(294,'Peterus Brookton',54,3,135,2,18,0,10),(295,'Adler Heminsley',55,6,270,4,0,0,6),(296,'Ines Aluard',56,13,1170,2,0,0,18),(297,'Genia Tretter',57,7,315,2,0,4,9),(298,'Allyce Frampton',58,2,90,9,0,1,8),(299,'Rosemonde Flewitt',59,2,90,10,0,1,7),(300,'Morgan Maddison',60,7,315,9,14,1,18),(301,'Legra Pointing',61,10,450,11,0,0,16),(302,'Gayel Elijah',62,20,1800,10,0,0,4),(303,'Amanda Betty',63,20,1800,2,0,3,12),(304,'Nowell Bows',64,4,180,12,0,1,5),(305,'Blondelle Westover',65,12,1080,12,12,0,0),(306,'Ros Walter',66,7,315,3,0,4,6),(307,'Jourdan Buxam',67,1,45,3,0,3,20),(308,'Stanwood Yewdell',68,0,0,11,0,4,14),(309,'Jaquith Sambles',69,13,1170,9,15,0,9),(310,'Benedetta Pentycost',70,15,1350,11,0,0,0),(311,'Everard Sharrard',71,8,360,9,0,0,11),(312,'Shepard Labon',72,15,1350,3,22,0,13),(313,'Zondra Gwyneth',73,2,90,2,0,1,10),(314,'Byrle Cullingworth',74,13,1170,7,0,4,19),(315,'Arri Heinzel',75,3,135,6,0,4,17),(316,'Kingsly Frayne',76,20,1800,3,0,1,2),(317,'Datha Sangra',77,4,180,11,0,1,20),(318,'Oralie Biggerstaff',78,15,1350,3,0,0,18),(319,'Betsy Grimmett',79,7,315,10,0,0,1),(320,'Tyrus felip',80,12,1080,12,30,0,1),(321,'Lucky Piquard',1,3,135,5,28,0,5),(322,'Leeland Hospital',2,20,1800,4,0,3,16),(323,'Luce Smorfit',3,18,1620,2,22,2,14),(324,'Quintus Vila',4,3,135,8,0,0,19),(325,'Anallese Stanney',5,4,180,5,0,1,2),(326,'Guy Whittingham',6,7,315,2,23,3,2),(327,'Moira Father',7,3,135,1,10,0,0),(328,'Mirabelle Tight',8,8,360,7,0,0,17),(329,'Gusella Kidner',9,5,225,7,0,0,8),(330,'Janean Potts',10,16,1440,1,23,2,4),(331,'Ursulina Jeffryes',11,13,1170,5,0,2,13),(332,'Gracie Wilmut',12,18,1620,1,22,2,12),(333,'Anallise Aggett',13,6,270,4,0,4,20),(334,'Gladys Cossor',14,2,90,9,0,0,0),(335,'Britt Fridaye',15,1,45,9,0,0,5),(336,'Teresita Cliff',16,5,225,8,0,0,14),(337,'Matilde Greenwood',17,6,270,2,0,0,2),(338,'Fredericka Fernley',18,19,1710,4,0,1,16),(339,'Fey Wharmby',19,10,450,8,0,0,19),(340,'Claudius Grossier',20,14,1260,8,0,2,11),(341,'Starlin Grammer',21,0,0,2,0,4,5),(342,'Thekla Tamlett',22,20,1800,5,0,1,6),(343,'Jeniffer Bakesef',23,14,1260,9,0,2,7),(344,'Sherm Penniall',24,6,270,12,0,3,9),(345,'Francisca Yea',25,20,1800,0,0,0,0),(346,'Miller Proud',26,10,450,7,0,0,12),(347,'Rivkah Halburton',27,0,0,9,22,0,11),(348,'Hamil Venditto',28,13,1170,1,24,0,6),(349,'Lorrin Clementucci',29,0,0,8,0,0,11),(350,'Avrom Ciccottio',30,18,1620,0,18,0,17),(351,'Nicolina Drew',31,2,90,4,0,0,17),(352,'Bennett Aspey',32,16,1440,3,0,0,9),(353,'Rosetta Compfort',33,0,0,9,0,0,2),(354,'Matilde Spaunton',34,18,1620,4,0,0,12),(355,'Marvin Clara',35,6,270,5,0,3,16),(356,'Merv Bellini',36,5,225,9,27,0,11),(357,'Gwenneth O\'Duilleain',37,4,180,10,0,0,14),(358,'Claudio Dullaghan',38,7,315,2,0,4,7),(359,'Olivia Gregoraci',39,18,1620,0,26,3,14),(360,'Gwenni Rossey',40,6,270,9,0,0,10),(361,'Noll Getley',41,20,1800,0,0,1,6),(362,'Bellina Abys',42,6,270,1,0,0,8),(363,'Belinda O\' Faherty',43,16,1440,1,14,3,2),(364,'Dmitri De Angelis',44,15,1350,8,19,2,2),(365,'Lionel Di Bernardo',45,4,180,7,0,0,15),(366,'Sheilakathryn Kempe',46,6,270,4,0,1,3),(367,'Bobette Sheppey',47,18,1620,10,9,1,6),(368,'Cordelie Bischof',48,5,225,9,0,0,10),(369,'Chrotoem Lammers',49,18,1620,4,0,0,2),(370,'Natka Pendlenton',50,17,1530,6,25,2,3),(371,'Clarette Spileman',51,13,1170,9,0,4,10),(372,'Saundra Dragon',52,12,1080,6,0,1,13),(373,'Melonie Cantillon',53,10,450,9,0,0,17),(374,'Carla Schule',54,16,1440,2,0,0,9),(375,'Padget Whetnall',55,10,450,12,0,1,19),(376,'Allan Grzegorzewicz',56,16,1440,10,0,0,7),(377,'Nerti Bernette',57,13,1170,4,0,0,20),(378,'Dennet Blois',58,12,1080,4,0,0,14),(379,'Levin Alexandersen',59,2,90,5,0,0,9),(380,'Bess De Carlo',60,20,1800,2,0,0,6),(381,'Rheta Brewis',61,5,225,2,0,0,1),(382,'Arthur Skein',62,0,0,8,0,0,13),(383,'Phaedra Flageul',63,13,1170,5,0,1,17),(384,'Alphonse Pigrome',64,0,0,0,28,2,13),(385,'Barbaraanne O\'Hear',65,0,0,6,0,0,7),(386,'Gabby Geldert',66,15,1350,3,0,4,7),(387,'Elga Verheijden',67,12,1080,11,0,0,8),(388,'Palm Penlington',68,14,1260,2,29,1,11),(389,'Saxe Gillooly',69,9,405,6,0,2,12),(390,'Dennison Jays',70,12,1080,5,9,0,8),(391,'Stern Bartrap',71,12,1080,8,0,0,9),(392,'Selma Long',72,19,1710,0,0,1,12),(393,'Laney Bye',73,3,135,3,0,0,16),(394,'Arin Pursehouse',74,13,1170,2,21,1,1),(395,'Orsa Tartt',75,2,90,11,0,0,1),(396,'Dale Finnigan',76,13,1170,9,0,1,4),(397,'Armand Cornil',77,13,1170,0,0,4,0),(398,'Isaak Olivari',78,16,1440,6,0,0,4),(399,'Noe Cardoso',79,6,270,1,0,2,19),(400,'Hilary Troyes',80,16,1440,9,0,0,1),(401,'Suzette Gravener',1,12,1080,2,13,4,7),(402,'Burk Spenley',2,5,225,10,0,0,18),(403,'Jolie Batts',3,6,270,2,0,1,10),(404,'Abbey Stallibrass',4,16,1440,4,0,0,5),(405,'Brandea Waldram',5,16,1440,7,0,0,16),(406,'Warren Matthesius',6,5,225,11,0,0,0),(407,'Jasen Perassi',7,14,1260,11,0,1,18),(408,'Ealasaid Gourlie',8,6,270,9,0,0,15),(409,'Amber Hamshar',9,18,1620,9,0,2,5),(410,'Carola Robjents',10,5,225,5,0,0,16),(411,'Sarge Emblen',11,2,90,3,30,1,2),(412,'Cam Virgo',12,7,315,7,0,3,15),(413,'Henry Margett',13,3,135,11,9,1,12),(414,'Tawnya Twelvetree',14,5,225,3,0,0,11),(415,'Darryl Snow',15,20,1800,7,0,0,20),(416,'Kacy Tranter',16,16,1440,9,10,0,18),(417,'Silvia Chimienti',17,17,1530,5,0,4,8),(418,'Noak Jolin',18,4,180,5,0,0,9),(419,'Juanita Cowey',19,10,450,0,0,3,8),(420,'Odille Stather',20,13,1170,0,0,1,20),(421,'Laurena Capnor',21,7,315,7,28,2,2),(422,'Katalin Risely',22,18,1620,8,28,0,20),(423,'Anissa Necolds',23,9,405,10,0,1,19),(424,'Tracey Garshore',24,2,90,12,0,3,3),(425,'Devinne Balcombe',25,15,1350,9,0,4,11),(426,'Teriann Porch',26,7,315,12,0,0,12),(427,'Eliot Cagan',27,20,1800,4,0,1,8),(428,'Tildy Buffham',28,8,360,12,0,0,19),(429,'Camellia Furlong',29,7,315,3,0,0,1),(430,'Marlene Maric',30,14,1260,8,0,3,10),(431,'Fred Halden',31,10,450,6,0,0,4),(432,'Charla Trynor',32,16,1440,3,0,0,19),(433,'Montague Rustedge',33,13,1170,9,25,0,5),(434,'Collie Punshon',34,3,135,0,0,0,12),(435,'Ursulina Manifould',35,10,450,10,0,4,13),(436,'Hervey Olczak',36,12,1080,7,30,0,0),(437,'Robina Bastick',37,17,1530,2,24,0,14),(438,'Ignazio Gianuzzi',38,14,1260,6,0,3,13),(439,'Mano Cable',39,16,1440,9,0,3,5),(440,'Catie Blondin',40,9,405,10,0,0,5),(441,'Yance Oxby',41,15,1350,6,0,0,20),(442,'Ruy Blood',42,0,0,5,0,0,15),(443,'Lanny Seeborne',43,6,270,9,0,1,9),(444,'Gretal Chittie',44,4,180,9,0,0,15),(445,'Rochette Spere',45,6,270,0,0,4,7),(446,'Orly Tollady',46,7,315,10,0,2,4),(447,'Marcelle Stears',47,5,225,10,0,0,12),(448,'Tabbie Balffye',48,11,990,6,28,0,10),(449,'Elvyn Gegay',49,14,1260,1,0,4,12),(450,'Erda Toun',50,19,1710,3,27,3,16),(451,'Loralee Ketch',51,5,225,1,0,0,1),(452,'Thorin Suthren',52,14,1260,11,0,1,2),(453,'Minnnie McCarron',53,0,0,2,0,4,18),(454,'Sarajane Hendren',54,13,1170,12,0,3,7),(455,'Ethelind Burnhill',55,11,990,4,28,1,3),(456,'Rosaline Damiral',56,9,405,10,0,0,10),(457,'Oralee Whitley',57,5,225,6,0,1,3),(458,'Sal Mollene',58,11,990,5,0,1,15),(459,'Leanora Earsman',59,11,990,8,0,1,8),(460,'Woodie Simms',60,17,1530,12,0,2,12),(461,'Collete Robbings',61,13,1170,4,0,1,6),(462,'Bronnie Braham',62,18,1620,7,0,3,12),(463,'Tiler Morrel',63,19,1710,6,27,0,1),(464,'Jarrid Farnie',64,13,1170,4,0,0,9),(465,'Nonie Noden',65,11,990,10,16,1,5),(466,'Rochella Radish',66,5,225,4,0,3,1),(467,'Katina Camis',67,20,1800,12,0,0,12),(468,'Ryan Foard',68,13,1170,9,0,0,2),(469,'Hagan Ziemen',69,0,0,3,28,2,16),(470,'Birk Hawkett',70,19,1710,11,0,0,4),(471,'Lurleen Alans',71,0,0,11,0,1,9),(472,'Debera Samudio',72,20,1800,12,0,1,8),(473,'Emmy Mycroft',73,8,360,6,0,3,3),(474,'Dori Bertl',74,16,1440,8,0,0,6),(475,'Reider Hindmore',75,0,0,5,0,1,18),(476,'Buckie Bartzen',76,3,135,0,0,1,19),(477,'Pauline Snoday',77,16,1440,11,0,0,12),(478,'Gunner Webb',78,3,135,5,0,3,16),(479,'Claudian Herity',79,13,1170,5,0,1,16),(480,'Ronny Mathers',80,15,1350,3,0,0,9),(481,'Hunt Abbatini',1,20,1800,5,0,3,13),(482,'Dal Pawle',2,17,1530,3,0,0,14),(483,'Dewey Vasey',3,13,1170,10,0,3,0),(484,'Mamie Careless',4,18,1620,11,0,1,16),(485,'Rourke Gaye',5,10,450,0,12,2,17),(486,'Milton Saladine',6,19,1710,8,0,2,15),(487,'Dyanne Winspar',7,2,90,4,0,0,6),(488,'Joey Maplethorpe',8,5,225,9,30,1,15),(489,'Araldo Woolis',9,5,225,12,28,4,12),(490,'Chandler Mashro',10,13,1170,4,0,2,3),(491,'Rosalind Tredgold',11,6,270,4,0,0,6),(492,'Daryl Sheirlaw',12,13,1170,4,0,0,8),(493,'Peyton Stanbra',13,19,1710,8,0,0,20),(494,'Missy Vasquez',14,14,1260,5,0,1,10),(495,'Jarid MacHoste',15,7,315,1,0,0,11),(496,'Camala Labbati',16,2,90,9,25,0,8),(497,'Wini McArtan',17,1,45,7,0,0,18),(498,'Mela D\'Elias',18,20,1800,11,0,4,9),(499,'Nathanael Fazzioli',19,11,990,9,0,0,6),(500,'Kora Turbitt',20,0,0,5,0,0,9),(501,'Mair Milmoe',21,2,90,12,0,1,8),(502,'Gayla Paolozzi',22,9,405,7,0,1,18),(503,'Dianemarie Charnley',23,18,1620,3,0,0,8),(504,'Onida Di Carli',24,11,990,11,0,0,20),(505,'Aveline Calrow',25,10,450,12,0,3,7),(506,'Yves Elegood',26,5,225,0,0,0,7),(507,'Ashil Antoniutti',27,3,135,2,0,0,13),(508,'Marlow Bambrugh',28,12,1080,8,0,4,18),(509,'Alessandro Olyff',29,9,405,4,26,4,2),(510,'Rochester Dedden',30,4,180,11,0,0,4),(511,'Hagen Sofe',31,11,990,4,0,2,2),(512,'Elliott McKmurrie',32,6,270,5,0,0,6),(513,'Trude Wittering',33,19,1710,3,0,0,0),(514,'Virginie Delion',34,12,1080,11,23,0,9),(515,'Rea Foulstone',35,4,180,3,11,0,9),(516,'Sybille MacDearmaid',36,12,1080,10,0,0,8),(517,'Anita Knight',37,16,1440,10,0,0,1),(518,'Cornie Warbys',38,0,0,9,0,1,3),(519,'Farr Le Guin',39,0,0,11,0,1,8),(520,'Chiquia Allott',40,1,45,2,0,2,13),(521,'Tessie Leyrroyd',41,11,990,7,0,1,14),(522,'Fanya Blakeden',42,2,90,1,0,0,14),(523,'Livia MacSherry',43,5,225,11,0,3,11),(524,'Carlo Theunissen',44,15,1350,11,0,0,13),(525,'Krispin Ismay',45,3,135,5,0,0,5),(526,'Evyn Knagges',46,16,1440,3,0,0,14),(527,'Margaret Kerswill',47,0,0,7,0,0,20),(528,'Trisha Gilvear',48,9,405,10,0,2,13),(529,'Sharline Sunshine',49,3,135,2,28,0,15),(530,'Onfre Von Helmholtz',50,3,135,3,27,2,0),(531,'Hugo Shawell',51,13,1170,2,14,0,11),(532,'Neel Honnan',52,9,405,0,13,0,14),(533,'Yvor Mucklow',53,11,990,9,0,0,20),(534,'Jerome Arran',54,18,1620,7,0,0,0),(535,'Maynord Jamblin',55,18,1620,9,0,2,5),(536,'Belvia Dilliway',56,17,1530,11,0,0,3),(537,'Micky Bosher',57,15,1350,10,0,3,14),(538,'Shannah de la Tremoille',58,3,135,8,28,0,3),(539,'Alain Piggot',59,16,1440,5,0,0,1),(540,'Von Searight',60,2,90,3,0,1,18),(541,'Minerva Latus',61,14,1260,10,0,0,16),(542,'Timothy Fruin',62,3,135,5,9,3,7),(543,'Katusha Learmonth',63,16,1440,10,0,1,17),(544,'Roanna Troman',64,19,1710,10,0,2,2),(545,'Cynde Stoffersen',65,5,225,2,18,4,4),(546,'Kay Fumagallo',66,5,225,10,0,0,16),(547,'Arte Slegg',67,17,1530,12,0,1,6),(548,'Lida Sands',68,8,360,4,0,0,19),(549,'Timothy Hubbucke',69,17,1530,10,0,0,3),(550,'Robby Taffrey',70,8,360,8,0,0,6),(551,'Templeton Normanville',71,11,990,10,0,0,20),(552,'Pascale Ellsworthe',72,13,1170,9,0,1,20),(553,'Tabbatha Dearn',73,10,450,0,0,0,4),(554,'Gilburt Bellew',74,19,1710,1,19,0,1),(555,'Christophe Howland',75,5,225,10,0,0,1),(556,'Abbot Tythe',76,14,1260,10,21,3,6),(557,'Lonna Temporal',77,2,90,9,0,0,1),(558,'Dorothea Chewter',78,1,45,5,0,1,3),(559,'Joly de Clerc',79,12,1080,11,0,1,11),(560,'Eryn Rickasse',80,18,1620,1,0,1,11),(561,'Philly Comettoi',1,8,360,10,0,0,13),(562,'Elonore Glidden',2,10,450,12,0,0,17),(563,'Shelia O\'Halligan',3,8,360,12,11,0,16),(564,'Pru Tooth',4,4,180,3,9,0,7),(565,'Brandais Josskowitz',5,14,1260,11,18,1,12),(566,'Orelie Stainton',6,13,1170,4,0,0,5),(567,'Annalise Rickersy',7,4,180,9,0,4,12),(568,'Jarrod Newstead',8,2,90,9,0,1,1),(569,'Zahara Chinnock',9,1,45,12,0,0,20),(570,'Lorianne Syder',10,10,450,1,0,0,17),(571,'Cris Paunsford',11,2,90,12,0,0,8),(572,'Lyndy Tweddell',12,3,135,9,29,3,0),(573,'Sheelagh Bynert',13,4,180,5,0,0,3),(574,'Celestyna Jedrzaszkiewicz',14,20,1800,0,0,3,2),(575,'Maurie Klaassens',15,6,270,11,0,1,8),(576,'Maryjo Giacopelo',16,16,1440,11,0,0,1),(577,'Marv Wignall',17,10,450,5,0,2,14),(578,'Elspeth Blanckley',18,20,1800,9,0,1,15),(579,'Bria Zincke',19,2,90,10,0,3,16),(580,'Teodora Dewberry',20,13,1170,8,0,1,11),(581,'Darren Wharmby',21,16,1440,2,0,1,2),(582,'Rudd Shurrocks',22,18,1620,10,0,0,1),(583,'Jacquelin Pesselt',23,8,360,8,0,1,4),(584,'Tommy Fayter',24,19,1710,12,0,0,16),(585,'Jobi Ditchett',25,2,90,3,0,0,2),(586,'Ailbert Sandars',26,19,1710,10,0,2,4),(587,'Johannah Dixsee',27,11,990,4,9,1,19),(588,'Berte Spurr',28,13,1170,11,0,1,14),(589,'Isobel Weild',29,8,360,5,11,1,4),(590,'Baryram Comi',30,15,1350,1,0,0,1),(591,'Pierre Sedworth',31,4,180,4,0,1,15),(592,'Thacher Serrurier',32,15,1350,1,0,2,19),(593,'Shanda Vernau',33,11,990,0,0,2,20),(594,'Pen McKeaney',34,17,1530,5,0,0,2),(595,'Nikolaus Weatherhead',35,14,1260,7,0,1,13),(596,'Danya Kneebone',36,16,1440,12,0,2,20),(597,'Carolynn Iannetti',37,19,1710,10,0,0,10),(598,'Geneva Gwillim',38,9,405,11,0,2,4),(599,'Aloysius Ruckledge',39,16,1440,1,0,0,20),(600,'Farleigh Bortoli',40,11,990,10,0,1,15),(601,'Thebault Renol',41,17,1530,11,0,1,8),(602,'Ruddie Reilly',42,20,1800,2,0,0,7),(603,'Mada Tavener',43,7,315,3,0,2,20),(604,'Ebonee Coldwell',44,14,1260,9,25,4,1),(605,'Kassie Craine',45,11,990,9,0,0,2),(606,'Hendrick Fley',46,7,315,5,0,0,18),(607,'Blakelee Matthew',47,8,360,5,0,2,17),(608,'Clarissa Petley',48,11,990,6,0,0,1),(609,'Katharina Ovize',49,4,180,5,0,0,17),(610,'Mavra O\'Noland',50,7,315,4,0,0,1),(611,'Anica Tweed',51,1,45,11,0,2,1),(612,'Denney Hurn',52,17,1530,4,0,1,12),(613,'Gun Jerzycowski',53,16,1440,4,23,0,20),(614,'Michale Espino',54,15,1350,9,0,3,0),(615,'Drusy Snoddy',55,19,1710,7,0,2,10),(616,'Dion Beavers',56,19,1710,0,0,2,14),(617,'Kinny Shilstone',57,9,405,0,15,3,18),(618,'Gusella Cabena',58,12,1080,6,0,1,0),(619,'Andra Blaxley',59,8,360,10,0,0,7),(620,'Cassi Gomme',60,0,0,5,0,0,8),(621,'Keelby Everal',61,20,1800,6,23,0,5),(622,'Rolf Ostridge',62,4,180,5,0,0,2),(623,'Jessy Plester',63,19,1710,6,0,0,9),(624,'Casey Kettles',64,13,1170,7,0,4,4),(625,'Vanessa Blenkinship',65,9,405,5,0,2,2),(626,'Keefe Hubberstey',66,19,1710,3,0,0,5),(627,'Haslett Stainfield',67,17,1530,7,0,0,18),(628,'Helen-elizabeth de Amaya',68,17,1530,9,0,1,14),(629,'Marci Baseley',69,18,1620,10,26,3,9),(630,'Alphonse Traves',70,0,0,5,26,4,15),(631,'Kelcie Coult',71,19,1710,9,0,3,1),(632,'Kippy Domney',72,14,1260,3,0,3,0),(633,'Isaac McCart',73,5,225,8,0,0,7),(634,'Lynnett Fibbens',74,17,1530,2,0,0,17),(635,'Gabey Kahn',75,3,135,4,0,0,8),(636,'Fernanda Stepto',76,14,1260,8,0,1,7),(637,'Tobias Itzkovich',77,1,45,10,25,1,8),(638,'Giuseppe Feronet',78,10,450,10,0,0,17),(639,'Caryl Chellingworth',79,1,45,7,0,0,2),(640,'Sianna Tooley',80,13,1170,0,0,0,0),(641,'Marlena Moiser',1,13,1170,3,0,2,20),(642,'Claudette Spurdon',2,6,270,7,0,0,0),(643,'Harlen Hallowes',3,0,0,2,29,0,11),(644,'Fanya Maevela',4,4,180,9,0,0,1),(645,'Wildon Harpur',5,6,270,12,12,1,7),(646,'Anjanette Brettoner',6,18,1620,8,0,1,8),(647,'Berty Duligal',7,13,1170,4,0,1,16),(648,'Prescott Angier',8,6,270,5,0,4,4),(649,'Georgine Gaye',9,6,270,9,0,1,12),(650,'Modesty Orvis',10,3,135,3,0,4,18),(651,'Latisha Maton',11,3,135,12,0,1,4),(652,'Eileen Follet',12,3,135,7,0,0,6),(653,'Joachim Byforth',13,6,270,8,0,1,5),(654,'Clementina Garlic',14,13,1170,2,0,0,20),(655,'Fair Stanyard',15,18,1620,10,0,0,18),(656,'Brien Burbudge',16,15,1350,7,28,0,18),(657,'Misty Cornilli',17,18,1620,2,0,0,0),(658,'Adan Sinnocke',18,8,360,5,0,3,17),(659,'Cinnamon Drugan',19,18,1620,8,0,4,20),(660,'Stu Whitelock',20,18,1620,6,29,0,7),(661,'Angelle Gorghetto',21,1,45,7,0,0,3),(662,'Doe Hambidge',22,12,1080,0,0,0,8),(663,'Gelya Canto',23,14,1260,2,0,0,17),(664,'Erv Aulsford',24,14,1260,9,0,2,5),(665,'Magda Hirth',25,14,1260,7,18,0,6),(666,'Verne Yakunkin',26,18,1620,8,0,0,12),(667,'Ameline Lorraway',27,8,360,1,0,0,0),(668,'Jamill Sulland',28,2,90,7,0,0,18),(669,'Andres Chapelhow',29,9,405,9,0,1,6),(670,'Rozina Millbank',30,11,990,3,29,3,0),(671,'Neilla Gallemore',31,7,315,4,0,0,3),(672,'Livvie Stroban',32,11,990,0,0,0,11),(673,'Perceval Gretham',33,8,360,6,0,0,7),(674,'Violet Lait',34,9,405,0,0,0,17),(675,'Abbie Myatt',35,20,1800,0,0,1,11),(676,'Benoit Faulconbridge',36,5,225,11,0,1,0),(677,'Tuckie Aaronson',37,9,405,12,0,0,12),(678,'Antonia Rupp',38,17,1530,8,27,0,14),(679,'Valera Gotliffe',39,0,0,10,0,1,13),(680,'Virginie Jiles',40,11,990,11,0,2,15),(681,'Ayn Douthwaite',41,20,1800,6,0,2,11),(682,'Kylen Klammt',42,20,1800,9,0,2,2),(683,'Porter Blodgett',43,0,0,12,0,3,7),(684,'Ollie Budik',44,3,135,5,29,0,19),(685,'Tye Igo',45,13,1170,8,0,1,14),(686,'Bebe Beseke',46,11,990,0,0,0,20),(687,'Lilli Tackle',47,19,1710,6,0,3,3),(688,'Fayth Leming',48,11,990,8,0,1,18),(689,'Mina Rault',49,12,1080,4,0,3,9),(690,'Dalt Seaton',50,8,360,5,0,0,9),(691,'Ravid Tombs',51,16,1440,8,17,1,6),(692,'Bobine Bryan',52,1,45,9,0,0,0),(693,'Allison Witherington',53,2,90,5,0,0,18),(694,'Sayres Cahani',54,0,0,3,21,0,20),(695,'Briny Garrat',55,20,1800,7,0,1,14),(696,'Lockwood Coopman',56,11,990,6,0,0,0),(697,'Felecia Raimbauld',57,7,315,1,0,0,18),(698,'Loralie McCumskay',58,3,135,0,21,3,9),(699,'Hew Sparkes',59,0,0,3,0,1,20),(700,'Karoly Stainfield',60,13,1170,7,0,0,15),(701,'Tabbatha Piele',61,5,225,12,0,2,7),(702,'Yardley Charity',62,12,1080,12,0,0,19),(703,'Chantalle Andress',63,8,360,11,20,3,18),(704,'Dane Turbern',64,8,360,10,13,1,7),(705,'Vanny Arnecke',65,19,1710,3,0,0,15),(706,'Celle Niblock',66,4,180,10,24,1,18),(707,'Belia D\'Ambrosi',67,13,1170,5,0,0,18),(708,'Glenda Tomes',68,8,360,0,19,0,19),(709,'Sophronia Aylward',69,8,360,10,0,2,20),(710,'Conchita Wimmers',70,15,1350,12,22,3,14),(711,'Nerta Wythe',71,10,450,11,0,3,20),(712,'Stormi Papes',72,5,225,1,0,0,10),(713,'Verney Karpe',73,19,1710,1,17,1,16),(714,'Nita Winter',74,1,45,11,0,0,17),(715,'Patsy Tsar',75,16,1440,4,0,3,1),(716,'Tadd Starton',76,3,135,3,27,1,17),(717,'Nessie Careless',77,19,1710,9,0,3,20),(718,'Reyna Delf',78,12,1080,2,0,2,12),(719,'Allina McConaghy',79,10,450,11,27,3,1),(720,'Fidel Vuittet',80,3,135,11,0,0,2),(721,'Erica Brunger',1,14,1260,3,24,0,4),(722,'Daryn Enion',2,15,1350,7,0,0,2),(723,'Heywood Grassi',3,5,225,2,0,1,1),(724,'Berti Gwalter',4,7,315,4,0,1,8),(725,'Hyman Passmore',5,12,1080,1,0,0,10),(726,'Melosa Wreakes',6,8,360,10,0,1,2),(727,'Rainer Houlison',7,12,1080,2,10,3,20),(728,'Cindy Easton',8,9,405,2,0,0,19),(729,'Royce Kennagh',9,6,270,12,0,0,16),(730,'Tammara Tenney',10,0,0,8,30,0,12),(731,'Irita Dmitr',11,14,1260,11,0,0,11),(732,'Fina Mazonowicz',12,14,1260,1,30,0,12),(733,'Emogene Tandey',13,15,1350,6,0,1,2),(734,'Petra Crampin',14,1,45,7,0,0,4),(735,'Sheena Filipczynski',15,15,1350,11,0,0,4),(736,'Bald Mosey',16,2,90,0,26,1,10),(737,'Harmonie Mordey',17,3,135,10,0,0,8),(738,'Marven Rushbrooke',18,20,1800,3,27,3,5),(739,'Constantine Caulder',19,7,315,0,0,0,13),(740,'Westbrooke MacCrann',20,1,45,6,0,1,5),(741,'Ashlen Smeed',21,13,1170,0,0,2,7),(742,'Kareem Perazzo',22,10,450,7,0,0,20),(743,'Padget Click',23,13,1170,3,0,1,9),(744,'Douglas Esgate',24,17,1530,12,0,0,15),(745,'Skippy Oswell',25,6,270,0,0,3,3),(746,'Jacklin Janz',26,4,180,6,0,2,4),(747,'Raff Engledow',27,18,1620,4,0,0,14),(748,'Lanae Elland',28,6,270,2,0,1,13),(749,'Niki Sallings',29,12,1080,11,0,4,7),(750,'Amelita Goligly',30,8,360,6,26,2,3),(751,'Price Wanjek',31,0,0,4,0,0,6),(752,'Briney Pounds',32,17,1530,10,0,3,7),(753,'Maynord Wreight',33,5,225,6,13,0,2),(754,'Berk Praill',34,20,1800,10,0,0,16),(755,'Monty Byer',35,20,1800,6,23,0,1),(756,'Penelopa Pietrzak',36,20,1800,4,0,0,16),(757,'Cloris Thody',37,14,1260,4,0,1,4),(758,'Correy Duding',38,0,0,12,0,0,11),(759,'Salim Ruoff',39,8,360,1,27,0,16),(760,'Ab McKinless',40,6,270,12,0,0,16),(761,'Vladimir McCaffrey',41,3,135,10,0,1,8),(762,'Evonne Rosenkrantz',42,4,180,0,0,1,19),(763,'Bud Thoresby',43,0,0,5,0,0,10),(764,'Stanislas Brastead',44,0,0,10,0,1,20),(765,'Kristan Mintrim',45,5,225,12,0,0,2),(766,'Corrie Patullo',46,1,45,12,12,0,12),(767,'Nikos Timson',47,13,1170,11,15,4,7),(768,'Hillary Falconer-Taylor',48,20,1800,0,0,0,12),(769,'Meredithe Bewicke',49,3,135,5,0,4,16),(770,'Audy Schwand',50,11,990,9,0,2,0),(771,'Paddy Showler',51,2,90,2,18,0,12),(772,'Cornie Whyman',52,3,135,12,0,0,20),(773,'Archambault Cogley',53,8,360,12,0,1,5),(774,'Amara Bernat',54,1,45,0,0,1,8),(775,'Any Hadingham',55,9,405,0,0,1,1),(776,'August Wenban',56,4,180,1,10,0,15),(777,'Benedikta Northcott',57,6,270,3,23,1,16),(778,'Hesther Livermore',58,7,315,11,29,0,18),(779,'Deni Grouen',59,1,45,9,28,0,0),(780,'Mano Becconsall',60,12,1080,3,0,1,1),(781,'Ingaborg L\'Homme',61,6,270,4,0,0,11),(782,'Kile O\'Monahan',62,14,1260,7,0,4,18),(783,'Jennine Faherty',63,4,180,3,0,0,16),(784,'Kaleena Boulter',64,11,990,5,0,0,3),(785,'Jermaine Beinisch',65,7,315,9,0,0,16),(786,'Jacquetta Tittershill',66,9,405,11,0,1,18),(787,'Pebrook Leeburn',67,0,0,6,0,0,2),(788,'Melvyn Stinton',68,2,90,4,0,3,7),(789,'Kev Francesco',69,17,1530,9,0,4,9),(790,'Yul Minthorpe',70,6,270,10,0,0,20),(791,'Victor Greenman',71,9,405,11,0,1,8),(792,'Maxine Fann',72,12,1080,2,16,0,9),(793,'Tabbitha Rankmore',73,15,1350,6,0,0,1),(794,'Mikey Kiledal',74,14,1260,4,19,1,1),(795,'Sanson Simukov',75,3,135,8,0,3,0),(796,'Gloria Doylend',76,2,90,8,0,0,4),(797,'Gregg Steinson',77,2,90,0,0,3,14),(798,'Horatio Margrem',78,17,1530,12,0,1,4),(799,'Vanny McDuffy',79,4,180,11,0,0,5),(800,'Carleen Sillwood',80,8,360,10,0,3,2),(801,'Britteny Teager',1,1,45,8,0,0,13),(802,'Conney Golsby',2,17,1530,1,0,0,17),(803,'Verine Ethelston',3,8,360,4,0,2,6),(804,'Anna-maria Tincey',4,16,1440,12,0,0,20),(805,'Nikolaus Fewings',5,3,135,12,0,1,4),(806,'Grant Bee',6,1,45,4,0,1,17),(807,'Rivalee Grundwater',7,1,45,4,0,0,2),(808,'Roshelle Dalwood',8,10,450,7,26,4,5),(809,'Falito Holtum',9,7,315,11,10,0,9),(810,'Aurel Rosewarne',10,15,1350,4,0,3,6),(811,'Ami Francesco',11,16,1440,10,0,0,10),(812,'Darwin Laroux',12,13,1170,0,0,1,16),(813,'Nikola Dawes',13,0,0,4,0,1,9),(814,'Dickie Chrystal',14,15,1350,3,0,0,11),(815,'Linet Devany',15,0,0,4,0,2,14),(816,'Goober Coffey',16,14,1260,1,0,1,14),(817,'Enos Dorot',17,14,1260,0,0,0,11),(818,'Yoshiko Qusklay',18,9,405,6,0,1,6),(819,'Cristin Ferriman',19,13,1170,10,28,1,1),(820,'Hynda Nunan',20,8,360,7,0,2,17),(821,'Cindi Tithecott',21,13,1170,0,18,2,6),(822,'Kirsti Ager',22,19,1710,1,0,1,15),(823,'Vyky Bickell',23,0,0,8,0,0,1),(824,'Dodi Cicchitello',24,20,1800,8,0,1,4),(825,'Dianna Godfrey',25,12,1080,7,0,0,14),(826,'Calhoun Thorneloe',26,0,0,11,0,2,1),(827,'Nicholle Siuda',27,3,135,0,0,1,10),(828,'Jamal Atte-Stone',28,20,1800,0,0,0,11),(829,'Trev Bernini',29,7,315,1,11,0,1),(830,'Becca Clelland',30,16,1440,7,0,0,0),(831,'Che Barkshire',31,17,1530,11,0,2,13),(832,'Rafferty Barns',32,0,0,4,9,3,16),(833,'Darline Fearnill',33,20,1800,2,0,0,9),(834,'Wilmar Abyss',34,5,225,11,0,2,19),(835,'Alex Keech',35,16,1440,10,0,0,10),(836,'Cecilius Lelande',36,10,450,9,25,1,20),(837,'Dorita Gibling',37,13,1170,5,0,0,1),(838,'Mel Crossan',38,7,315,2,0,0,13),(839,'Gradey Joinsey',39,11,990,5,0,0,2),(840,'Marita Hoolaghan',40,5,225,11,0,0,5),(841,'Katalin Moresby',41,17,1530,10,0,2,4),(842,'Mignon Riley',42,0,0,2,0,4,11),(843,'Obediah Panther',43,2,90,10,25,0,20),(844,'Robbin Hammill',44,2,90,3,0,0,2),(845,'Christina Waiting',45,18,1620,4,27,2,6),(846,'Bart Sorey',46,16,1440,8,20,0,5),(847,'Toby Lidbetter',47,7,315,1,0,0,4),(848,'Flem Winchurst',48,20,1800,8,0,0,3),(849,'Monroe Coger',49,9,405,3,0,1,13),(850,'Sibelle Doghartie',50,11,990,0,0,0,15),(851,'Claudell Stoad',51,15,1350,1,0,1,7),(852,'Bar Reside',52,19,1710,12,0,1,17),(853,'Sydelle Persitt',53,10,450,8,0,0,12),(854,'Rutherford Kitchen',54,15,1350,9,0,0,14),(855,'Aidan Dainton',55,14,1260,11,0,4,9),(856,'Phylis Rudland',56,11,990,2,0,0,17),(857,'Lanette Wiltshire',57,3,135,5,0,1,19),(858,'Niles Grugerr',58,10,450,0,19,4,14),(859,'Egor Pinar',59,11,990,10,0,0,0),(860,'Haydon Stealy',60,17,1530,2,0,0,17),(861,'Dee Vawton',61,9,405,2,10,2,15),(862,'Marlo Scawen',62,19,1710,4,0,2,19),(863,'Iorgos Tamblyn',63,20,1800,1,0,2,0),(864,'Lief Le Marchant',64,18,1620,0,0,3,13),(865,'Yovonnda Brockherst',65,5,225,10,0,0,17),(866,'Clari Gummary',66,1,45,6,0,1,15),(867,'Normie Edon',67,3,135,8,30,3,4),(868,'Calida Baseke',68,17,1530,6,0,0,0),(869,'Ewart Gonnelly',69,4,180,2,12,0,16),(870,'Hubie Rue',70,4,180,1,0,0,12),(871,'Webster Harg',71,4,180,4,29,3,11),(872,'Jessika Girdlestone',72,18,1620,10,0,0,14),(873,'Freddy Dinnington',73,4,180,10,0,0,17),(874,'Olenka Newcom',74,6,270,3,0,0,19),(875,'Iris Brunon',75,20,1800,9,18,1,6),(876,'Clotilda Chadburn',76,2,90,9,23,1,19),(877,'Cirillo Boteman',77,6,270,10,0,0,7),(878,'Marlena Murricanes',78,3,135,6,0,0,6),(879,'Dilly Baal',79,14,1260,11,0,1,16),(880,'Ado Litchmore',80,6,270,8,0,1,0),(881,'Elaina Tourry',1,1,45,9,0,4,18),(882,'Amalia Whitfeld',2,20,1800,1,30,0,18),(883,'Amii Goodlatt',3,13,1170,5,0,2,0),(884,'Sansone Blowne',4,10,450,5,0,0,4),(885,'Ailina Alban',5,10,450,11,0,1,6),(886,'Dennis Varrow',6,12,1080,12,0,0,16),(887,'Domenic Crux',7,0,0,2,0,0,0),(888,'Maxine Bradbury',8,5,225,9,30,0,2),(889,'Marji MacCahey',9,7,315,11,0,3,11),(890,'Rebeka Tommeo',10,8,360,6,0,3,9),(891,'Ronna Cornelius',11,4,180,6,27,1,16),(892,'Norrie Sautter',12,10,450,11,0,1,16),(893,'Rodrick Taffurelli',13,13,1170,1,12,1,3),(894,'Michele Graber',14,20,1800,11,0,2,8),(895,'Pierce Camfield',15,4,180,5,0,0,20),(896,'Robby Inworth',16,6,270,6,0,0,10),(897,'Dotty Marwick',17,15,1350,9,0,0,0),(898,'Corrinne Dury',18,16,1440,9,0,0,0),(899,'Darrel St. Pierre',19,12,1080,2,0,1,4),(900,'Ailina Pirolini',20,8,360,8,0,3,17),(901,'Wilow Morfey',21,10,450,9,0,4,11),(902,'Carmine Buzin',22,20,1800,11,0,1,0),(903,'Conway Patchett',23,0,0,2,0,0,8),(904,'Cathrine Brahams',24,8,360,3,0,1,11),(905,'Gris Bullan',25,3,135,11,0,0,2),(906,'Pen Johanchon',26,12,1080,3,0,2,18),(907,'Aubine Weedenburg',27,12,1080,11,0,3,9),(908,'Robert Lewins',28,13,1170,1,0,1,4),(909,'Melessa Jealous',29,6,270,11,0,1,14),(910,'Salaidh Scroggins',30,9,405,2,10,0,2),(911,'Carrol Derrington',31,15,1350,0,9,4,16),(912,'Kylila Lorenzo',32,1,45,10,0,1,7),(913,'Evania Jakubowsky',33,3,135,7,0,3,15),(914,'Wood Wincom',34,10,450,3,0,0,10),(915,'Mia Farnfield',35,0,0,9,0,2,4),(916,'Paul Da Costa',36,11,990,8,0,0,14),(917,'Desmond Dunsmore',37,9,405,3,25,1,13),(918,'Noella McMakin',38,3,135,1,30,4,10),(919,'Von Gilogly',39,1,45,8,0,0,1),(920,'Gibb Schubart',40,6,270,7,0,0,18),(921,'Stephanus Arkcoll',41,13,1170,7,0,0,2),(922,'Ramsey Pennicard',42,14,1260,9,0,3,7),(923,'Beulah Jockle',43,14,1260,8,17,1,7),(924,'Shaylah Styant',44,1,45,2,0,0,4),(925,'Hubie Wandless',45,3,135,9,0,3,20),(926,'Shaine Swiffin',46,11,990,4,0,0,16),(927,'Thedrick Elwill',47,19,1710,1,0,0,11),(928,'Terencio Ruddell',48,0,0,5,0,4,13),(929,'Dicky Gillow',49,15,1350,1,0,2,6),(930,'Jamima Smetoun',50,0,0,11,18,0,9),(931,'Alaine Nealy',51,2,90,7,23,2,6),(932,'Susie Southeran',52,13,1170,4,0,3,3),(933,'Deanna Thurlow',53,2,90,3,0,1,10),(934,'Connie Herculeson',54,2,90,7,0,1,19),(935,'Beltran Beyn',55,7,315,12,0,0,17),(936,'Maxine Le Brom',56,13,1170,6,24,0,13),(937,'Gertie Kier',57,17,1530,3,0,1,6),(938,'Carolann Emney',58,14,1260,12,0,1,1),(939,'Melba Bess',59,19,1710,7,0,1,3),(940,'Quintana Vercruysse',60,11,990,6,0,1,13),(941,'Ame Tourot',61,0,0,12,0,2,18),(942,'Livvie Belsey',62,9,405,12,0,1,12),(943,'Maureene Blenkensop',63,9,405,4,0,3,3),(944,'Othella Woolens',64,4,180,2,0,1,13),(945,'Ashlen Kennewell',65,9,405,1,0,0,16),(946,'Roxie Soaper',66,10,450,8,0,0,4),(947,'Nelie Landon',67,11,990,11,27,0,3),(948,'Kristine Shetliff',68,14,1260,8,0,0,20),(949,'Marcelline Ply',69,13,1170,4,22,3,19),(950,'Hart Ekless',70,13,1170,0,0,0,16),(951,'Scarlet Bute',71,0,0,3,0,0,3),(952,'Briny Bambrough',72,16,1440,11,0,1,15),(953,'Carlin Morlon',73,12,1080,7,0,1,2),(954,'Ruben Conkey',74,14,1260,7,0,0,14),(955,'Rebekkah Portwaine',75,7,315,11,0,2,13),(956,'Crystie Gutherson',76,11,990,2,0,1,16),(957,'Maura Northfield',77,10,450,5,0,2,19),(958,'Christabel Lipmann',78,7,315,3,16,1,3),(959,'Grannie Waistall',79,19,1710,5,0,0,11),(960,'Darnall Breen',80,13,1170,6,0,0,3),(961,'Gwenora Castro',1,19,1710,9,19,0,8),(962,'Salim MacDonell',2,4,180,4,13,1,9),(963,'Noah Rasher',3,14,1260,0,0,0,9),(964,'Nathanil Lawland',4,2,90,0,0,0,13),(965,'Tansy McGeown',5,5,225,6,0,0,4),(966,'Cece Purry',6,8,360,10,0,1,5),(967,'Odo Nuttall',7,15,1350,7,0,0,13),(968,'Brockie Janaway',8,8,360,2,0,0,13),(969,'Davy Gurge',9,16,1440,4,0,0,12),(970,'Saraann Durbyn',10,13,1170,8,0,2,4),(971,'Fawn Cayser',11,0,0,10,11,1,7),(972,'Ab Hatherall',12,3,135,6,0,0,5),(973,'Elmira Hayton',13,4,180,5,0,2,10),(974,'Erin Coles',14,2,90,12,0,0,16),(975,'Maynard Clail',15,1,45,0,0,2,5),(976,'Miles Jeandet',16,13,1170,3,25,2,19),(977,'Esma Vidineev',17,1,45,6,28,1,5),(978,'Malynda Astbury',18,16,1440,7,10,2,8),(979,'Francoise Jacks',19,7,315,7,0,2,5),(980,'Walden Basant',20,5,225,1,0,0,8),(981,'Janeen Scorer',21,8,360,6,0,0,3),(982,'Anallese Gorch',22,16,1440,4,9,4,16),(983,'Melany Benito',23,0,0,11,21,2,12),(984,'Ivett Waterland',24,14,1260,6,17,2,19),(985,'Jordanna Ruselin',25,1,45,11,0,1,5),(986,'Renelle Mendenhall',26,17,1530,11,25,3,4),(987,'Rivalee Olle',27,20,1800,1,0,0,3),(988,'Ira McGucken',28,13,1170,10,0,0,6),(989,'Isahella Farraway',29,15,1350,9,0,0,20),(990,'Darren Leates',30,13,1170,2,23,4,15),(991,'Kaitlin Upstell',31,6,270,8,0,0,9),(992,'Petronille Cristoforo',32,11,990,6,0,0,16),(993,'Cash Hurch',33,11,990,3,17,4,19),(994,'Laurens Dublin',34,14,1260,3,0,0,18),(995,'Jonie Moorcraft',35,8,360,5,0,1,6),(996,'Dionis Ouldcott',36,4,180,9,0,0,0),(997,'Sergeant Winchcum',37,9,405,12,0,1,7),(998,'Cyndy Kunz',38,20,1800,8,0,1,8),(999,'Rickey McArtan',39,7,315,7,0,2,17),(1000,'Stinky Wisher',40,13,1170,9,23,0,18);
/*!40000 ALTER TABLE `jugadores` ENABLE KEYS */;
UNLOCK TABLES;

--
-- Table structure for table `ligas`
--

DROP TABLE IF EXISTS `ligas`;
/*!40101 SET @saved_cs_client     = @@character_set_client */;
/*!50503 SET character_set_client = utf8mb4 */;
CREATE TABLE `ligas` (
  `id_Liga` int DEFAULT NULL,
  `Nombre_Liga` varchar(50) DEFAULT NULL
) ENGINE=InnoDB DEFAULT CHARSET=utf8mb4 COLLATE=utf8mb4_0900_ai_ci;
/*!40101 SET character_set_client = @saved_cs_client */;

--
-- Dumping data for table `ligas`
--

LOCK TABLES `ligas` WRITE;
/*!40000 ALTER TABLE `ligas` DISABLE KEYS */;
INSERT INTO `ligas` VALUES (1,'Liga Norte'),(2,'Liga Sur'),(3,'Liga Este'),(4,'Liga Oeste');
/*!40000 ALTER TABLE `ligas` ENABLE KEYS */;
UNLOCK TABLES;

--
-- Table structure for table `partidos`
--

DROP TABLE IF EXISTS `partidos`;
/*!40101 SET @saved_cs_client     = @@character_set_client */;
/*!50503 SET character_set_client = utf8mb4 */;
CREATE TABLE `partidos` (
  `id_Partido` int DEFAULT NULL,
  `id_Liga` int DEFAULT NULL,
  `id_Equipo_Local` int DEFAULT NULL,
  `id_Equipo_Visita` int DEFAULT NULL,
  `Multiplicador_Local` double DEFAULT NULL,
  `Multiplicador_Empate` double DEFAULT NULL,
  `Multiplicador_Visita` double DEFAULT NULL,
  `Resultado_Juego` varchar(50) DEFAULT NULL
) ENGINE=InnoDB DEFAULT CHARSET=utf8mb4 COLLATE=utf8mb4_0900_ai_ci;
/*!40101 SET character_set_client = @saved_cs_client */;

--
-- Dumping data for table `partidos`
--

LOCK TABLES `partidos` WRITE;
/*!40000 ALTER TABLE `partidos` DISABLE KEYS */;
INSERT INTO `partidos` VALUES (1,1,5,41,3.98,2.86,3.83,'Visita'),(2,2,42,74,1.75,3.52,1.32,'Visita'),(3,3,35,7,2.61,3.98,3.65,'Visita'),(4,4,24,36,1.29,2.78,2.25,'Local'),(5,1,53,25,1.7,1.88,1.4,'Empate'),(6,2,34,2,3.68,1.27,1.57,'Local'),(7,3,63,51,2.69,1.41,2.96,'Empate'),(8,4,28,80,1.88,2.01,2.38,'Empate'),(9,1,53,25,2.84,2.86,3.78,'Visita'),(10,2,26,66,1.25,3.74,3.3,'Empate'),(11,3,23,71,1.95,1.72,1.24,'Local'),(12,4,24,56,2.77,1.79,2.32,'Empate'),(13,1,41,65,3.18,2.3,3.09,'Local'),(14,2,42,42,2.98,1.21,1.8,'Visita'),(15,3,71,43,3.2,1.06,3.89,'Local'),(16,4,76,48,2.66,3.91,3.95,'Local'),(17,1,33,61,2.96,1.73,1.69,'Local'),(18,2,34,70,1.43,1.95,3.18,'Empate'),(19,3,31,3,2.21,3.32,2.62,'Empate'),(20,4,56,48,1.9,3.6,1.73,'Local'),(21,1,17,25,1.84,2.77,3.09,'Empate'),(22,2,38,74,3.53,3.7,3.11,'Empate'),(23,3,79,55,1.42,3.98,2.17,'Visita'),(24,4,68,76,2.07,3.52,3.36,'Empate'),(25,1,33,9,2.67,3.17,1.76,'Local'),(26,2,66,54,3.03,2.51,2.76,'Local'),(27,3,43,11,2.43,2.97,1.33,'Local'),(28,4,24,36,2.12,2.13,1.29,'Visita'),(29,1,69,37,3.53,2.09,2.14,'Empate'),(30,2,26,74,2.56,1.1,3.86,'Local'),(31,3,79,11,1.55,1.77,3.2,'Empate'),(32,4,28,16,2.57,2.34,3.29,'Local'),(33,1,45,41,1.58,1.52,1.8,'Local'),(34,2,22,42,1.53,3.18,3.99,'Local'),(35,3,79,39,2.55,3.23,2.07,'Visita'),(36,4,24,32,3.35,3.9,3.06,'Local'),(37,1,37,25,2.79,2.86,2.62,'Local'),(38,2,22,62,1.15,1.34,2.99,'Empate'),(39,3,59,67,1.84,2.36,3.6,'Local'),(40,4,28,60,1.41,3.11,2.17,'Local'),(41,1,25,53,2.63,2.89,3.81,'Local'),(42,2,58,2,1.58,1.97,2.83,'Visita'),(43,3,35,11,1.12,1.34,2.18,'Local'),(44,4,44,56,2.67,2.06,2.38,'Local'),(45,1,29,21,3.27,1.86,2.14,'Empate'),(46,2,26,6,1.77,3.78,1.12,'Local'),(47,3,7,31,3.8,1.75,3.54,'Visita'),(48,4,8,48,3.64,3.75,2.12,'Visita'),(49,1,33,13,3.57,1.47,1,'Visita'),(50,2,26,50,2.29,3.72,1.17,'Empate'),(51,3,47,43,1.34,3.71,2.3,'Visita'),(52,4,16,32,3.94,2.78,2.98,'Local'),(53,1,73,33,3.08,1.41,2.31,'Empate'),(54,2,62,58,1.22,1.62,3.32,'Visita'),(55,3,79,59,1.81,3.31,2.87,'Visita'),(56,4,64,28,2.77,2.29,1.63,'Local'),(57,1,41,25,2.88,2.66,3.99,'Local'),(58,2,50,26,2.43,3.41,1.72,'Empate'),(59,3,27,55,3.5,2.18,3.49,'Local'),(60,4,72,44,3.22,1.89,2.25,'Visita'),(61,1,45,21,3.31,1.38,2.15,'Empate'),(62,2,46,58,2.3,3.15,1.33,'Visita'),(63,3,11,75,2.21,3.7,3.73,'Visita'),(64,4,24,32,1.73,3.21,1.66,'Empate'),(65,1,65,29,3.12,2.73,2.5,'Empate'),(66,2,78,30,3.71,3.2,1.16,'Empate'),(67,3,11,35,2.88,1.21,3.88,'Visita'),(68,4,48,68,1.31,3.71,1.52,'Empate'),(69,1,33,25,1.84,1.02,3.14,'Local'),(70,2,62,66,2.06,1.9,3.66,'Visita'),(71,3,23,55,3.81,1.45,2.9,'Visita'),(72,4,20,32,3.08,3.96,2.7,'Empate'),(73,1,13,29,3.78,2.4,3.64,'Empate'),(74,2,46,6,1.14,1.39,2.01,'Local'),(75,3,43,63,2.76,2.76,1.18,'Local'),(76,4,32,20,3.41,1.04,2.68,'Visita'),(77,1,9,57,3.63,1.95,1.35,'Local'),(78,2,74,54,3.17,2.96,1.86,'Empate'),(79,3,67,23,3.36,2.67,1.31,'Local'),(80,4,52,20,2.4,2.89,3.36,'Empate'),(81,1,57,21,2.84,1.48,1.94,'Visita'),(82,2,46,10,2.13,3.03,1.85,'Visita'),(83,3,43,63,3.92,3.36,1.8,'Local'),(84,4,12,80,1.84,1.25,3.61,'Empate'),(85,1,69,9,1.38,3.13,3.71,'Visita'),(86,2,42,22,2.68,1.58,3.59,'Empate'),(87,3,75,19,1.02,1.13,2.26,'Visita'),(88,4,24,28,3.95,2.03,2.68,'Empate'),(89,1,69,73,3.94,3.95,2.39,'Empate'),(90,2,26,74,1.05,3.71,2.04,'Visita'),(91,3,7,51,1.04,3.96,3.31,'Visita'),(92,4,16,36,3.36,3.88,2.91,'Visita'),(93,1,49,65,1.91,1.9,2.34,'Empate'),(94,2,6,22,3,2.33,2.68,'Empate'),(95,3,79,51,1.87,2.48,1.44,'Visita'),(96,4,20,72,2.78,2.83,3.19,'Local'),(97,1,9,61,3.27,3.57,1.53,'Visita'),(98,2,30,34,3.16,3.27,2.13,'Local'),(99,3,35,11,2.32,2.54,3.04,'Local'),(100,4,72,68,3.45,2.78,1.48,'Empate'),(101,1,1,21,3.82,2.89,1,'Empate'),(102,2,66,38,3.96,1.17,1.62,'Empate'),(103,3,3,15,2.35,1.2,3.63,'Local'),(104,4,8,44,2.6,3.89,1.82,'Visita'),(105,1,29,69,3.57,2.17,2,'Empate'),(106,2,26,22,1.07,1.04,1.04,'Local'),(107,3,15,63,1.18,1.34,1.58,'Empate'),(108,4,64,16,3.78,2.02,2.32,'Visita'),(109,1,69,57,3.48,2.77,2.14,'Visita'),(110,2,74,58,3.52,2.67,3.52,'Local'),(111,3,35,31,2.31,1.52,2.98,'Empate'),(112,4,12,68,3.04,1.56,2.02,'Empate'),(113,1,57,53,1.59,2.77,3.84,'Visita'),(114,2,2,10,2.66,3.19,2.29,'Local'),(115,3,27,75,3.38,1.56,1.23,'Visita'),(116,4,28,64,2.32,2.64,1.63,'Visita'),(117,1,25,5,3.76,2.65,1.22,'Empate'),(118,2,74,70,1.83,2.22,3.06,'Empate'),(119,3,71,7,1.59,2.45,2.71,'Visita'),(120,4,4,76,2.87,1.58,2.91,'Local'),(121,1,57,5,3.24,1.79,3.28,'Empate'),(122,2,14,46,3.96,2.87,3.99,'Local'),(123,3,39,31,1.38,3.48,3.81,'Local'),(124,4,4,24,3.32,2.01,3.24,'Visita'),(125,1,73,37,3.2,3.97,2.51,'Local'),(126,2,62,54,2.68,1.51,2.45,'Local'),(127,3,11,19,3.94,1.18,3.35,'Visita'),(128,4,16,32,3.4,1.88,3.3,'Local'),(129,1,21,49,1.91,3.93,3.61,'Local'),(130,2,70,22,3.52,2.28,2.02,'Local'),(131,3,59,27,1.43,3.34,2.4,'Local'),(132,4,56,60,1.53,3.03,2.89,'Visita'),(133,1,25,49,1.64,3.87,3.57,'Empate'),(134,2,66,62,1.34,1.55,3.38,'Local'),(135,3,71,3,3.54,2.57,3.41,'Local'),(136,4,56,56,3.6,3.5,1.73,'Visita'),(137,1,49,57,1.82,3.06,3.14,'Visita'),(138,2,62,50,3.03,3.17,2.37,'Local'),(139,3,71,75,1.38,1.15,2.43,'Visita'),(140,4,4,72,3.75,1.97,3.38,'Local'),(141,1,5,73,1.42,1.65,3.66,'Empate'),(142,2,42,66,2.23,3.8,3.08,'Local'),(143,3,31,3,1.08,1.2,1.19,'Local'),(144,4,44,60,2.83,1.53,2.96,'Local'),(145,1,9,29,1.92,1.71,1.6,'Visita'),(146,2,70,14,3.05,1.96,1.03,'Visita'),(147,3,55,3,1.99,1.99,3.82,'Local'),(148,4,48,52,1.47,1.82,2.52,'Local'),(149,1,5,29,2.79,1.44,2.65,'Local'),(150,2,2,2,2.71,2.2,3.05,'Local'),(151,3,79,3,3.9,2.74,3.81,'Empate'),(152,4,24,76,2.9,3.36,3.23,'Visita'),(153,1,37,17,1.69,2.85,2.92,'Visita'),(154,2,74,58,2.57,3.17,2.57,'Visita'),(155,3,67,67,2.52,1.46,3.18,'Visita'),(156,4,52,4,2.16,1.17,2.86,'Local'),(157,1,33,1,3.77,2.59,1.43,'Visita'),(158,2,50,58,3.48,2.63,2.41,'Empate'),(159,3,51,47,1.74,2.25,3.91,'Local'),(160,4,68,36,2.36,3.04,2.49,'Local'),(161,1,9,9,2.3,3.61,1.91,'Visita'),(162,2,6,74,1.51,1.66,3.29,'Visita'),(163,3,67,71,3.61,3.03,3.09,'Local'),(164,4,72,28,2,1.69,1.19,'Empate'),(165,1,77,77,1.28,3.68,1.3,'Empate'),(166,2,2,2,2.11,2.9,1.66,'Visita'),(167,3,79,67,3.31,2.19,1.39,'Visita'),(168,4,28,12,2.6,2.14,2.03,'Empate'),(169,1,21,33,3.86,2.48,3.29,'Empate'),(170,2,2,38,3.3,1.59,3.95,'Empate'),(171,3,3,15,3.07,2.64,2.33,'Local'),(172,4,24,4,2.4,2.64,2.45,'Visita'),(173,1,69,13,1.26,1.52,1.71,'Empate'),(174,2,66,26,1.93,3.76,1.84,'Visita'),(175,3,11,55,3.81,1.19,1.52,'Local'),(176,4,40,68,2.64,2.28,3.53,'Local'),(177,1,1,9,1.32,3.55,2,'Visita'),(178,2,26,38,2.56,2.9,3.64,'Empate'),(179,3,79,15,3.09,3.15,1.54,'Local'),(180,4,52,68,1.1,2.49,2.95,'Local'),(181,1,1,9,3.3,1.29,2.88,'Local'),(182,2,42,6,2.75,1.02,3.22,'Empate'),(183,3,63,43,2.23,3.11,1.3,'Local'),(184,4,52,52,1.23,1.78,3.19,'Empate'),(185,1,41,69,3.7,3.77,2.79,'Empate'),(186,2,66,6,2.04,2.78,3.63,'Empate'),(187,3,51,47,1.33,3.27,2.36,'Local'),(188,4,24,40,2.62,1.82,3.93,'Empate'),(189,1,29,13,3.58,1.79,3.62,'Local'),(190,2,78,38,1.33,3.75,1.27,'Visita'),(191,3,63,67,2.72,1.36,1.21,'Local'),(192,4,36,52,2.21,1.77,2.23,'Empate'),(193,1,49,41,2.35,2.91,3.49,'Empate'),(194,2,50,2,1.38,3.95,1.78,'Empate'),(195,3,43,31,3.53,2.5,1.63,'Local'),(196,4,32,36,1.08,2.58,1.84,'Empate'),(197,1,57,57,3.42,3.29,2.48,'Empate'),(198,2,42,78,1.03,2.26,3.25,'Visita'),(199,3,31,67,2.09,3.26,2.24,'Empate'),(200,4,24,76,1.87,3.74,2.13,'Visita'),(201,1,61,9,3.37,3.74,2.53,'Local'),(202,2,66,50,3.66,2.14,3.64,'Empate'),(203,3,39,43,2.72,2.5,3.65,'Local'),(204,4,28,40,3.79,1.03,3.09,'Visita'),(205,1,37,37,3.31,1.45,3.48,'Empate'),(206,2,70,34,3.56,1.29,2.26,'Empate'),(207,3,3,23,1.93,3.72,3.33,'Empate'),(208,4,16,80,2.7,3.82,2.75,'Visita'),(209,1,69,41,1.04,1.16,2.42,'Visita'),(210,2,14,10,1.06,3.57,3.21,'Visita'),(211,3,23,7,3.48,1.79,2.28,'Visita'),(212,4,60,20,2.8,1.94,3.9,'Local'),(213,1,37,65,1.42,2.85,3.07,'Local'),(214,2,62,54,2.24,1.16,2.15,'Empate'),(215,3,79,39,3.8,3.32,3.78,'Empate'),(216,4,20,64,1.56,1.4,2.45,'Local'),(217,1,73,13,1.89,1.99,1.53,'Visita'),(218,2,58,6,3.71,2.48,3.57,'Empate'),(219,3,75,7,3.79,2.53,3.12,'Visita'),(220,4,72,60,3.58,3.27,2.82,'Local'),(221,1,5,1,1.6,1.2,2.95,'Local'),(222,2,42,26,1.18,3.4,2.28,'Empate'),(223,3,35,79,1.46,3.36,1.42,'Local'),(224,4,36,8,1.13,1.61,1.09,'Local'),(225,1,73,9,1.89,1.62,2.06,'Empate'),(226,2,10,2,3.55,2.77,2.07,'Empate'),(227,3,55,59,3.16,3.28,2.47,'Visita'),(228,4,52,76,3.1,3.95,1.53,'Visita'),(229,1,29,5,2,3.91,3.66,'Local'),(230,2,14,70,1.67,2.46,3.71,'Local'),(231,3,15,71,1.23,1.07,3.18,'Visita'),(232,4,32,36,2.34,2.87,1.28,'Empate'),(233,1,61,33,1.77,1.28,2.65,'Local'),(234,2,14,70,1.27,1.18,2.75,'Local'),(235,3,59,79,3.27,3.36,1.54,'Empate'),(236,4,4,80,2.56,3.36,2.29,'Visita'),(237,1,57,65,3.44,2.83,1.41,'Local'),(238,2,54,18,2.85,1.53,3.66,'Visita'),(239,3,63,7,1.41,1.27,3.89,'Empate'),(240,4,76,20,2.06,2.26,1.04,'Empate'),(241,1,29,25,3.68,1.2,3.41,'Visita'),(242,2,66,46,2.76,2.27,1.19,'Local'),(243,3,19,71,3.69,2.79,1.79,'Local'),(244,4,4,4,2.52,1.35,2.63,'Visita'),(245,1,1,5,3.05,3.06,1.59,'Local'),(246,2,46,30,2.79,1.89,3.69,'Empate'),(247,3,15,27,1.65,3.5,1.24,'Visita'),(248,4,72,44,3.3,2.8,3.83,'Empate'),(249,1,77,53,1.34,3.76,1.18,'Visita'),(250,2,62,58,2.03,3.85,2.03,'Visita'),(251,3,35,35,3.21,1.37,2.44,'Local'),(252,4,20,36,1.34,1.76,2.94,'Empate'),(253,1,29,77,1.77,2.86,3.65,'Empate'),(254,2,38,46,3.51,1.45,2.44,'Empate'),(255,3,51,23,3.16,2.43,2.89,'Visita'),(256,4,80,44,2.26,1.09,2.08,'Empate'),(257,1,5,1,2.9,2.68,3.46,'Empate'),(258,2,42,74,1.02,3.27,3.07,'Local'),(259,3,15,27,1.49,3.65,1.86,'Local'),(260,4,8,48,1.31,2.55,2.22,'Visita'),(261,1,77,5,2.83,2.31,1.63,'Empate'),(262,2,26,54,3.85,3.89,3.52,'Empate'),(263,3,3,67,3.2,1.84,3.81,'Visita'),(264,4,44,80,3.14,1.92,3.5,'Empate'),(265,1,33,5,2.13,2.06,1.72,'Visita'),(266,2,26,58,3.34,2.26,3.37,'Local'),(267,3,47,55,3.51,3.78,3.77,'Visita'),(268,4,52,8,3.81,1.16,3.08,'Local'),(269,1,61,61,3.46,2.67,2.17,'Local'),(270,2,30,6,1.62,2.94,2.76,'Empate'),(271,3,15,27,2.75,3.49,1.41,'Empate'),(272,4,4,28,1.2,2.01,1.73,'Local'),(273,1,73,25,3.41,3.02,1.6,'Local'),(274,2,78,58,1.12,1.54,1.1,'Local'),(275,3,35,35,2.55,2.98,2.57,'Empate'),(276,4,52,64,2.26,1.19,1.51,'Visita'),(277,1,65,1,2.97,2.31,1.54,'Local'),(278,2,54,66,1.47,2.86,3.55,'Local'),(279,3,55,51,1.5,2.64,1.92,'Empate'),(280,4,8,56,1.58,1.63,1.67,'Local'),(281,1,65,73,2.28,3.46,2.26,'Empate'),(282,2,50,22,2.23,3.55,2.01,'Empate'),(283,3,79,75,3.52,3.71,3.8,'Empate'),(284,4,4,60,3.91,3.44,2.88,'Local'),(285,1,9,49,2.54,3.22,2.29,'Visita'),(286,2,62,26,3.58,2.9,1.85,'Local'),(287,3,27,63,2.47,2.97,1.75,'Empate'),(288,4,52,40,1.35,2.75,2.82,'Empate'),(289,1,61,5,1.01,1.09,3.2,'Local'),(290,2,78,22,1.81,3.38,1.64,'Empate'),(291,3,75,15,1.92,2.33,1.54,'Empate'),(292,4,4,72,3.14,3.98,1.34,'Visita'),(293,1,69,77,1.01,2.07,1.74,'Empate'),(294,2,26,2,1.18,3.76,1.23,'Local'),(295,3,15,3,1.44,2.94,2.99,'Empate'),(296,4,80,20,2.12,1.71,2.9,'Local'),(297,1,77,17,2.7,3.29,2.53,'Local'),(298,2,34,62,2.82,3.2,3.29,'Local'),(299,3,39,71,3.43,2,1.08,'Local'),(300,4,8,44,1.04,1.27,2.63,'Visita'),(301,1,29,69,1.26,2.53,1.32,'Visita'),(302,2,54,26,3.22,2.39,2.67,'Local'),(303,3,43,15,2.98,2.74,2.41,'Empate'),(304,4,8,68,3.83,1.42,1.02,'Empate'),(305,1,5,5,3.03,3.01,2.8,'Local'),(306,2,34,50,1.56,1.19,3.55,'Visita'),(307,3,23,51,3.87,3.11,1.9,'Empate'),(308,4,68,72,3.4,3.83,3.96,'Empate'),(309,1,17,65,3.85,2.92,1.22,'Local'),(310,2,78,6,2.63,1.87,1.58,'Empate'),(311,3,79,35,1.45,3.66,1.16,'Local'),(312,4,60,12,2.86,1.81,1.98,'Local'),(313,1,29,37,2.3,2.32,3.94,'Visita'),(314,2,54,50,3.9,2.41,3.18,'Local'),(315,3,7,3,1.05,3.54,3.81,'Visita'),(316,4,20,64,2.64,1.63,1.14,'Local'),(317,1,17,29,2.28,2.92,1.3,'Visita'),(318,2,18,34,3.91,3.11,1.93,'Empate'),(319,3,75,7,3.05,3.02,2.87,'Visita'),(320,4,68,28,1.73,3.43,1.93,'Empate'),(321,1,33,41,1.21,3.73,2.76,'Empate'),(322,2,14,2,2.95,3.9,1.63,'Visita'),(323,3,59,63,2.98,2.09,2.84,'Visita'),(324,4,64,48,1.14,1.12,2.81,'Local'),(325,1,57,77,1.54,2.93,1.88,'Empate'),(326,2,2,62,1.08,2.89,1.26,'Empate'),(327,3,63,11,2.22,3.05,3.25,'Visita'),(328,4,56,52,2.18,3.19,2.68,'Local'),(329,1,45,53,2.82,1.08,3.86,'Visita'),(330,2,14,78,2.51,1.79,3.43,'Empate'),(331,3,15,7,2.99,3.06,3.7,'Local'),(332,4,36,60,2.83,1.2,1.55,'Local'),(333,1,77,53,2.61,3.38,1.4,'Local'),(334,2,2,42,3.79,1.89,3.96,'Empate'),(335,3,75,67,3.62,2.23,3.94,'Empate'),(336,4,24,80,1.09,3.14,1.06,'Visita'),(337,1,29,29,3.37,3.7,3.99,'Visita'),(338,2,22,74,1.37,2.42,2.43,'Local'),(339,3,63,51,3.14,1.56,3.58,'Empate'),(340,4,76,60,1.24,2.58,1.05,'Local'),(341,1,73,73,2.2,2.66,1.99,'Local'),(342,2,66,50,3.55,2.22,2.11,'Visita'),(343,3,23,31,3.98,2.22,2.58,'Empate'),(344,4,52,16,3.82,3.63,3.75,'Visita'),(345,1,61,13,1.04,3.97,3.69,'Visita'),(346,2,2,2,3.46,2.56,1.49,'Empate'),(347,3,39,27,1.74,1.91,2.44,'Visita'),(348,4,20,40,2.4,1.21,1.89,'Local'),(349,1,49,21,1.5,1.57,1.14,'Empate'),(350,2,38,10,2.15,3.13,1.53,'Local'),(351,3,75,15,3.56,2.68,3.67,'Local'),(352,4,8,12,3.15,3.29,1.65,'Local'),(353,1,49,37,1.95,2.06,1.27,'Empate'),(354,2,62,2,1.13,2.01,2.94,'Empate'),(355,3,39,39,3.27,1.34,3.1,'Empate'),(356,4,12,80,1.07,2.37,2.98,'Local'),(357,1,49,69,3.95,1.11,3.25,'Visita'),(358,2,14,58,1.3,1.23,3.7,'Visita'),(359,3,3,71,3.91,3.02,2.87,'Local'),(360,4,32,56,2.69,2.99,1.25,'Visita'),(361,1,45,57,3.97,3.66,1.43,'Local'),(362,2,62,50,1.19,3.96,1.07,'Local'),(363,3,59,35,3.97,3.01,1.3,'Local'),(364,4,24,4,3.32,1.57,2.82,'Local'),(365,1,45,29,3.14,1.16,1.27,'Empate'),(366,2,22,54,1.03,1.97,1.35,'Empate'),(367,3,79,35,1.73,1.44,3.93,'Local'),(368,4,8,32,1.14,1.04,1.61,'Empate'),(369,1,61,69,3.53,3.96,3.07,'Visita'),(370,2,58,58,3.25,1.75,2.43,'Visita'),(371,3,43,15,1.16,2.94,1.82,'Local'),(372,4,44,68,3.97,3.65,3.55,'Local'),(373,1,5,65,3.39,2.96,3.02,'Visita'),(374,2,14,30,2.17,1,2.87,'Empate'),(375,3,19,79,3.57,3.63,1.35,'Visita'),(376,4,32,56,2.41,1.19,3.64,'Empate'),(377,1,45,5,2.58,2.71,1.69,'Local'),(378,2,66,66,2.75,1.47,1.76,'Local'),(379,3,43,3,3.49,3.17,2.46,'Local'),(380,4,56,76,3.44,2.13,1.96,'Empate'),(381,1,57,9,2.75,3.58,3.83,'Empate'),(382,2,10,78,3.27,2.51,2.63,'Visita'),(383,3,19,43,1.08,1.29,1.54,'Local'),(384,4,56,8,1.93,1.11,2.07,'Visita'),(385,1,49,13,3.3,3.99,1.24,'Visita'),(386,2,62,10,1.26,1.69,2.75,'Local'),(387,3,15,67,3.95,2.66,1.95,'Empate'),(388,4,56,80,2.35,3.94,1.77,'Visita'),(389,1,29,29,1.64,1.21,1.5,'Empate'),(390,2,26,42,1.6,2.19,3.66,'Empate'),(391,3,27,79,2.6,2.59,2.61,'Visita'),(392,4,44,24,2.03,3.05,1.86,'Local'),(393,1,1,17,3.92,1.99,3.49,'Local'),(394,2,18,38,3.96,1.64,2.69,'Empate'),(395,3,7,67,1.91,3.21,2.19,'Empate'),(396,4,16,60,1.99,2.83,1.25,'Local'),(397,1,9,9,2.7,3.91,3.83,'Visita'),(398,2,46,6,2.14,1.15,3.32,'Empate'),(399,3,31,19,2.16,1.73,3.35,'Local'),(400,4,76,20,1,2.98,2.47,'Empate'),(401,1,73,61,3.17,1.22,2.23,'Visita'),(402,2,18,14,2.11,2.01,1.83,'Empate'),(403,3,31,27,3.82,2.64,2.79,'Local'),(404,4,76,72,2.56,2.32,3.58,'Visita'),(405,1,1,45,2.52,1.1,3.28,'Empate'),(406,2,46,62,1.26,2.46,1.23,'Local'),(407,3,3,79,1.92,2.78,2.74,'Empate'),(408,4,52,64,1.78,3.32,2.64,'Local'),(409,1,29,33,3.95,3.04,2.72,'Visita'),(410,2,6,46,1.08,1.28,1.25,'Visita'),(411,3,55,11,2.88,2.37,1.77,'Local'),(412,4,28,64,2.37,1.25,2.28,'Visita'),(413,1,33,77,2.87,2.09,2.08,'Local'),(414,2,38,22,3.59,3.57,1.59,'Local'),(415,3,39,63,1.59,2.56,3.9,'Empate'),(416,4,40,32,1.94,2.83,3.86,'Visita'),(417,1,25,9,1.08,3.22,3.74,'Empate'),(418,2,58,78,2.9,3.65,3.88,'Local'),(419,3,23,15,3.16,3.56,1.3,'Visita'),(420,4,48,28,3.62,1.99,2.27,'Local'),(421,1,45,41,2.49,2.3,3.27,'Visita'),(422,2,26,62,2.42,3.13,2.19,'Local'),(423,3,3,35,3.91,2.92,1.77,'Local'),(424,4,4,24,3.95,2.53,3.34,'Empate'),(425,1,49,49,1.39,1.64,1.07,'Empate'),(426,2,10,62,3.72,3.49,1.33,'Empate'),(427,3,51,39,2.68,2.85,1.28,'Visita'),(428,4,40,56,1.23,2.89,2.34,'Visita'),(429,1,9,13,2.73,2.73,2.65,'Empate'),(430,2,46,54,2.88,2.97,2.97,'Visita'),(431,3,27,63,2.48,2.84,3.32,'Visita'),(432,4,4,44,2.95,1.65,2.97,'Empate'),(433,1,33,37,2.41,2.81,2.84,'Visita'),(434,2,2,78,2.05,3.61,2.05,'Local'),(435,3,31,39,1.4,1.19,2.93,'Local'),(436,4,72,24,1.27,1.48,3.75,'Empate'),(437,1,1,9,3.23,2.38,3.67,'Local'),(438,2,46,34,2.7,3.34,1.51,'Visita'),(439,3,67,75,2.12,2.78,2.23,'Empate'),(440,4,4,40,3.7,1.72,3.58,'Local'),(441,1,17,73,3.38,2,2.62,'Empate'),(442,2,54,6,1.25,3.2,2.48,'Visita'),(443,3,43,67,3.37,1.98,1.61,'Visita'),(444,4,68,64,2.84,2.25,3.74,'Local'),(445,1,69,77,2.38,1.77,3.03,'Visita'),(446,2,34,22,1.29,1.24,3.96,'Visita'),(447,3,79,47,1.73,3.9,2.51,'Visita'),(448,4,28,76,1.4,2.79,3.15,'Empate'),(449,1,45,49,2.77,2.49,3.17,'Empate'),(450,2,58,2,1.99,2.53,2.47,'Empate'),(451,3,79,51,3.52,3.94,3.48,'Local'),(452,4,80,28,1.75,2.19,1.15,'Empate'),(453,1,45,73,3.27,2.83,3.52,'Visita'),(454,2,34,18,3.53,1.49,2.58,'Local'),(455,3,15,39,3.54,2.5,2.42,'Visita'),(456,4,40,24,3.99,3.63,1.48,'Local'),(457,1,37,57,3.64,2.55,2.52,'Local'),(458,2,6,18,1.58,3.2,1.66,'Empate'),(459,3,39,51,3.17,2.32,2.85,'Visita'),(460,4,76,76,1.17,2.67,2.16,'Empate'),(461,1,13,61,3.58,3.51,2.29,'Visita'),(462,2,38,22,1.55,3.86,2.04,'Empate'),(463,3,3,27,1.45,1.9,3.08,'Empate'),(464,4,72,40,2.52,1.46,1.89,'Visita'),(465,1,57,17,2,3.24,2.61,'Empate'),(466,2,62,18,2.26,1.7,2.61,'Empate'),(467,3,11,11,3.09,2.71,2.37,'Empate'),(468,4,80,12,1.75,2.84,2.47,'Local'),(469,1,9,17,3.88,2.82,1.12,'Empate'),(470,2,78,14,1.15,2.91,1.09,'Visita'),(471,3,27,11,2.36,2.21,1.75,'Empate'),(472,4,44,64,3.06,3.36,1.4,'Visita'),(473,1,41,5,3.75,2.89,2.07,'Empate'),(474,2,10,2,1.89,2.21,2.42,'Empate'),(475,3,43,15,2.83,2.55,3.93,'Local'),(476,4,60,12,1.91,3.87,1.78,'Empate'),(477,1,33,37,3.19,2.1,2.74,'Empate'),(478,2,78,38,3.88,3.19,1.06,'Empate'),(479,3,35,43,1.56,2.99,2.24,'Visita'),(480,4,64,16,1.14,3.06,1.9,'Empate'),(481,1,1,65,3.35,3.48,1.36,'Empate'),(482,2,70,22,1.85,1.94,1.82,'Visita'),(483,3,79,3,1.02,1.73,3.08,'Local'),(484,4,68,52,1.4,1.4,3.19,'Visita'),(485,1,25,33,2.72,1.21,1.78,'Local'),(486,2,62,50,2.51,1.62,2.81,'Empate'),(487,3,51,3,1.52,3.79,1.34,'Local'),(488,4,68,64,3.12,3.86,2.96,'Visita'),(489,1,45,73,1.55,1.59,1.82,'Visita'),(490,2,50,34,3.89,3.9,3.67,'Empate'),(491,3,11,63,2.98,1,3.04,'Visita'),(492,4,32,60,2.39,1.45,1.28,'Local'),(493,1,21,53,3.01,3.05,2.83,'Empate'),(494,2,62,22,3.81,2.43,1.75,'Empate'),(495,3,71,51,1.36,1.02,1.45,'Visita'),(496,4,28,28,1.48,2.04,3.49,'Local'),(497,1,17,29,2.4,2.68,1.07,'Visita'),(498,2,42,66,1.78,3,1.88,'Empate'),(499,3,51,23,3.12,3.72,2.68,'Empate'),(500,4,24,28,3.97,2.23,2.75,'Local'),(501,1,69,73,1.26,2.37,1.25,'Empate'),(502,2,66,34,1.24,2.15,3.62,'Visita'),(503,3,51,79,2.83,2.48,3.01,'Empate'),(504,4,28,48,2.45,2.2,2.5,'Local'),(505,1,69,73,3.56,2.82,2.33,'Visita'),(506,2,66,46,1.52,1.47,2.27,'Empate'),(507,3,43,63,1.66,3.72,1,'Empate'),(508,4,20,64,3.24,3.6,1.62,'Empate'),(509,1,21,25,2.9,3.47,2.27,'Visita'),(510,2,2,54,2.65,3.37,3.82,'Local'),(511,3,63,67,2.68,3.73,2.89,'Visita'),(512,4,72,52,3.15,3.39,1.93,'Empate'),(513,1,49,9,3.35,3.07,3.32,'Local'),(514,2,46,18,2.6,2.21,3.85,'Local'),(515,3,47,7,1.48,2.86,1.4,'Local'),(516,4,20,4,2.49,3.59,2.42,'Visita'),(517,1,37,33,1.28,2.44,1.43,'Visita'),(518,2,46,74,1.17,1.38,2.26,'Visita'),(519,3,7,67,2.56,1.24,3.79,'Visita'),(520,4,8,32,3.08,3.38,3.05,'Local'),(521,1,1,17,3.54,2.7,2.68,'Visita'),(522,2,74,62,3.3,3.72,1.49,'Local'),(523,3,35,31,2.79,2.79,2.73,'Empate'),(524,4,72,32,1.63,1.15,2.31,'Visita'),(525,1,37,25,3.71,3.01,3.47,'Empate'),(526,2,78,38,2.43,3.42,1.54,'Empate'),(527,3,79,31,2.92,2.35,1.21,'Empate'),(528,4,32,24,1.61,1.22,2.47,'Visita'),(529,1,73,41,3.3,3.62,3.52,'Empate'),(530,2,22,10,3.41,3.35,2.07,'Empate'),(531,3,71,71,2.01,1.46,1.52,'Local'),(532,4,32,76,1.5,2.45,2.31,'Local'),(533,1,9,1,1.5,1.79,3.99,'Visita'),(534,2,30,46,3.86,3.33,2.73,'Visita'),(535,3,3,27,3.73,2.41,1.12,'Empate'),(536,4,80,64,1.73,2.78,1.4,'Visita'),(537,1,33,53,2.97,2.59,2.46,'Local'),(538,2,14,46,2.37,3.17,3.35,'Local'),(539,3,31,47,3.54,2.86,3.1,'Visita'),(540,4,36,20,2.39,1.35,3.81,'Visita'),(541,1,5,69,2.5,2.04,1.92,'Local'),(542,2,50,78,3.59,2.92,1.69,'Visita'),(543,3,71,23,3.7,3.54,3.36,'Local'),(544,4,60,60,1.94,2.22,1.71,'Empate'),(545,1,45,1,2.83,1.66,1.52,'Empate'),(546,2,42,38,3.06,2.94,2.65,'Empate'),(547,3,63,31,3.58,2.13,2.7,'Local'),(548,4,64,4,2.82,2.82,2.22,'Empate'),(549,1,41,13,2.91,1.03,2.25,'Local'),(550,2,66,62,3.84,1.41,3.3,'Local'),(551,3,43,63,3.42,1.11,1.07,'Local'),(552,4,44,16,3.52,2,2.42,'Local'),(553,1,77,57,1.24,3.67,1.56,'Empate'),(554,2,30,70,1.59,2.51,1.49,'Local'),(555,3,75,11,1.62,2.04,3.57,'Local'),(556,4,60,64,1.22,1.16,3.02,'Visita'),(557,1,45,17,2.08,2.24,3.73,'Local'),(558,2,2,42,3.38,2.23,3.3,'Empate'),(559,3,71,51,1.04,2.82,1.84,'Visita'),(560,4,48,64,3.21,1.45,1.06,'Local'),(561,1,13,37,3.71,2.76,3.18,'Visita'),(562,2,26,54,2.85,2.7,1.56,'Local'),(563,3,47,39,1.32,2.33,3.57,'Empate'),(564,4,48,8,3.29,2.69,3.68,'Empate'),(565,1,17,25,3.61,3.23,2.12,'Local'),(566,2,74,42,3.3,3.73,3.55,'Empate'),(567,3,51,55,3.35,3.18,2.96,'Visita'),(568,4,80,16,3,1.01,1.19,'Visita'),(569,1,61,49,1.59,2.55,2.32,'Local'),(570,2,14,50,1,2.57,1.68,'Visita'),(571,3,59,43,2,1.64,1.13,'Local'),(572,4,56,16,2,1.55,3.29,'Empate'),(573,1,17,69,3.04,3.79,3.59,'Visita'),(574,2,34,10,2.31,3.71,1.96,'Visita'),(575,3,75,7,2.12,3.47,3.11,'Local'),(576,4,8,40,2.06,1.08,2.7,'Empate'),(577,1,53,41,2.76,1.96,1.33,'Local'),(578,2,18,26,1.81,3.32,3.54,'Local'),(579,3,27,35,2.57,3.52,2.79,'Local'),(580,4,60,56,3.55,3.03,1.54,'Local'),(581,1,29,33,1.96,3.54,2.28,'Local'),(582,2,46,14,2.82,1.83,3.17,'Local'),(583,3,23,23,3.84,2.13,1.44,'Local'),(584,4,60,68,1.78,2.52,3.77,'Visita'),(585,1,69,57,1.5,2.25,3.35,'Visita'),(586,2,70,2,2.47,1.43,1.87,'Visita'),(587,3,75,43,2.76,3.05,3.23,'Empate'),(588,4,16,4,2.4,3.79,2.18,'Local'),(589,1,69,49,3.88,1.41,1.52,'Empate'),(590,2,34,6,1.46,3.01,2.97,'Empate'),(591,3,11,15,1.47,2.61,3.69,'Local'),(592,4,16,44,3.84,2.33,1.28,'Visita'),(593,1,65,13,2.99,2.46,3.29,'Local'),(594,2,66,34,2.4,1.37,2.75,'Visita'),(595,3,15,15,3.35,3.83,1.59,'Local'),(596,4,20,8,1.21,2.8,3.92,'Empate'),(597,1,69,49,2.1,1.26,1.15,'Visita'),(598,2,26,58,3.71,3.23,2.94,'Local'),(599,3,51,35,2.41,2.27,1.53,'Local'),(600,4,40,12,2.01,1.4,1.47,'Local'),(601,1,57,57,2,1.02,1.5,'Visita'),(602,2,34,26,2.42,2.34,3.64,'Empate'),(603,3,71,19,3.74,3.85,2.13,'Local'),(604,4,68,56,1.86,1.05,3.62,'Visita'),(605,1,49,73,2.32,3.12,2.78,'Local'),(606,2,2,70,1.65,2.75,3.28,'Empate'),(607,3,35,55,2.83,2.36,3.64,'Visita'),(608,4,12,80,2.82,3.38,3.44,'Visita'),(609,1,9,45,2.99,1.51,1.42,'Empate'),(610,2,58,78,2.65,1.5,3.4,'Empate'),(611,3,7,7,1.27,3.85,2.27,'Empate'),(612,4,4,40,1.63,3.24,3.18,'Local'),(613,1,45,17,2.5,3.33,1.17,'Empate'),(614,2,66,54,2.83,1.36,2.46,'Visita'),(615,3,43,15,1.33,3.99,3.47,'Visita'),(616,4,8,60,2.75,3.16,3.95,'Visita'),(617,1,57,61,2.31,2.9,2.78,'Local'),(618,2,42,50,1.24,1.08,1.69,'Visita'),(619,3,67,79,3.27,3.12,1.07,'Visita'),(620,4,28,32,2.84,1.72,1.32,'Visita'),(621,1,29,13,1.4,1.11,1.2,'Visita'),(622,2,26,34,1.36,1.76,3.05,'Visita'),(623,3,43,31,2.27,1.05,2.74,'Local'),(624,4,64,28,1.87,3.46,2,'Empate'),(625,1,37,53,3.4,3.14,2.46,'Visita'),(626,2,38,14,3.26,2.28,2,'Empate'),(627,3,55,51,2.98,1.32,3.19,'Empate'),(628,4,4,16,3.41,1.66,1.51,'Local'),(629,1,77,49,3.39,2.22,2.82,'Empate'),(630,2,58,66,2.12,2.2,2.99,'Visita'),(631,3,11,43,3.52,2.99,2.13,'Local'),(632,4,4,72,1.18,3.51,3.34,'Visita'),(633,1,73,49,2.67,3.24,3.2,'Local'),(634,2,38,18,3.31,1.24,3.19,'Visita'),(635,3,59,55,1.46,1.17,2.53,'Local'),(636,4,56,48,3.95,2.05,2.78,'Empate'),(637,1,49,45,1.85,2.67,3.56,'Visita'),(638,2,14,10,1.25,3.55,3.19,'Visita'),(639,3,71,51,3.75,2.95,1.24,'Visita'),(640,4,68,4,1.28,3.47,2.34,'Visita'),(641,1,29,9,3.67,2.13,1.14,'Visita'),(642,2,2,2,1.23,1.24,3.06,'Local'),(643,3,47,7,3.43,1.28,3.61,'Visita'),(644,4,8,12,3.74,1.56,3.19,'Empate'),(645,1,25,33,3.3,1.57,1.25,'Local'),(646,2,62,10,3.85,2.04,3.78,'Local'),(647,3,15,71,3.67,2.35,2.49,'Empate'),(648,4,68,20,3.54,2.48,2.01,'Visita'),(649,1,21,45,2.84,4,1.85,'Empate'),(650,2,14,10,1.34,1.53,3.09,'Empate'),(651,3,75,31,2.62,1.79,1.63,'Visita'),(652,4,8,64,3.45,1.81,1.57,'Visita'),(653,1,5,25,2.85,2.84,1.13,'Local'),(654,2,10,10,3.97,1.01,3.29,'Visita'),(655,3,23,11,2.25,3.29,2.18,'Empate'),(656,4,60,20,3.56,1.16,2.47,'Local'),(657,1,37,5,2.21,1.13,1.57,'Visita'),(658,2,78,74,2.75,2.93,2.02,'Empate'),(659,3,11,23,3.45,1.1,2.1,'Visita'),(660,4,8,80,1.15,1.58,1.96,'Local'),(661,1,17,1,1.35,3.13,3.43,'Local'),(662,2,34,34,1.43,2.99,2.95,'Visita'),(663,3,15,23,3.83,1.6,3.23,'Visita'),(664,4,4,16,1.16,1.69,1.54,'Empate'),(665,1,53,65,3.47,2.43,1.39,'Local'),(666,2,26,54,2.65,1.74,1.08,'Empate'),(667,3,11,71,1.53,2.45,2.64,'Local'),(668,4,16,64,2.41,3.44,1.97,'Empate'),(669,1,5,13,1.33,1.67,1.23,'Local'),(670,2,58,22,1.1,2.74,1.48,'Visita'),(671,3,71,47,3.55,3.61,1.25,'Visita'),(672,4,56,76,1.77,2.37,2.79,'Local'),(673,1,77,37,3.92,3.5,3.24,'Visita'),(674,2,22,22,3.26,3.62,2.71,'Visita'),(675,3,71,67,1.29,2.05,3.57,'Local'),(676,4,52,76,2.99,3.59,1.63,'Empate'),(677,1,9,33,1.75,3.56,2.1,'Visita'),(678,2,50,14,3.86,1.56,1.37,'Local'),(679,3,75,31,1.81,3.62,1.96,'Visita'),(680,4,16,40,2.87,3.08,2.62,'Visita'),(681,1,13,21,1.46,2.55,3.08,'Local'),(682,2,78,38,1.11,1.69,2.42,'Local'),(683,3,51,27,2.1,1.42,1.42,'Empate'),(684,4,72,72,1.24,2.12,1.13,'Empate'),(685,1,69,45,1.15,3.73,2.77,'Local'),(686,2,18,18,1.76,2.56,2.78,'Local'),(687,3,67,71,2.1,3.69,2.85,'Empate'),(688,4,24,48,2.6,2.27,1.38,'Local'),(689,1,69,37,1.07,1.06,1.46,'Local'),(690,2,54,78,3.59,3.25,1.64,'Empate'),(691,3,27,59,1.63,1.9,3.66,'Visita'),(692,4,28,48,1.4,1.88,2.9,'Empate'),(693,1,37,65,1.62,3.13,3.67,'Local'),(694,2,30,2,2.61,3.83,2.51,'Visita'),(695,3,63,23,3.02,3.47,2.93,'Visita'),(696,4,68,16,3.81,1.24,3.55,'Local'),(697,1,45,5,2.75,2.1,2.59,'Visita'),(698,2,54,30,2.96,1.25,1.83,'Empate'),(699,3,67,51,1.71,3.32,3.68,'Local'),(700,4,12,20,1,3.67,2.95,'Visita'),(701,1,61,73,3.96,3.16,1.28,'Local'),(702,2,22,66,2.62,3.99,3.97,'Local'),(703,3,47,51,2.75,1.38,2.66,'Local'),(704,4,24,52,1.19,2.46,2.78,'Empate'),(705,1,69,77,1.75,1.46,1.05,'Visita'),(706,2,6,2,2.84,2.37,2.29,'Empate'),(707,3,43,67,3.83,2.51,1.74,'Visita'),(708,4,64,36,2.99,2.3,1.99,'Empate'),(709,1,29,17,1.95,1.86,3.69,'Visita'),(710,2,22,34,2,2.51,2,'Empate'),(711,3,3,7,3.87,3.29,1.84,'Local'),(712,4,48,20,2.85,1.87,3.96,'Visita'),(713,1,41,33,1.06,1.93,2.47,'Empate'),(714,2,30,30,2.95,1.85,1.54,'Local'),(715,3,59,11,3.71,2.88,3.37,'Visita'),(716,4,12,52,2.6,3.49,3.39,'Local'),(717,1,45,57,3.71,3.87,1.29,'Empate'),(718,2,10,70,3.83,2.42,2.19,'Visita'),(719,3,67,55,2.25,3.86,2.8,'Local'),(720,4,32,80,1.91,3.13,1.54,'Empate'),(721,1,33,29,3.81,3.42,1.74,'Empate'),(722,2,14,50,1.96,1.54,2.14,'Visita'),(723,3,63,51,2.01,3.77,3.55,'Empate'),(724,4,40,24,3.55,3.76,1.49,'Visita'),(725,1,69,73,1.33,3.84,2.2,'Local'),(726,2,74,62,3.94,3.41,3.27,'Empate'),(727,3,39,79,3.6,3.41,1.53,'Visita'),(728,4,44,32,1.29,1.32,2.81,'Local'),(729,1,77,77,3.28,2.08,1.83,'Visita'),(730,2,42,62,2.34,3.05,2.68,'Empate'),(731,3,55,51,1.74,3.08,1.94,'Visita'),(732,4,60,52,3.61,3.51,1.25,'Empate'),(733,1,13,49,2.87,3.72,3.77,'Empate'),(734,2,78,26,1.49,1.59,2.93,'Local'),(735,3,27,27,1.93,1.43,2.66,'Local'),(736,4,56,4,3.39,3.13,3.22,'Local'),(737,1,33,41,3.03,1.22,3.55,'Visita'),(738,2,26,26,3.7,2.86,1.5,'Visita'),(739,3,11,15,2.6,1.99,2.16,'Local'),(740,4,68,72,2.67,3.27,2.92,'Visita'),(741,1,21,21,1.34,1.28,3.07,'Empate'),(742,2,18,78,2.92,3.8,3.71,'Empate'),(743,3,67,3,2.42,3.15,2.85,'Visita'),(744,4,20,56,1.89,1.94,2.22,'Empate'),(745,1,5,49,3.36,1.93,3.16,'Empate'),(746,2,42,54,3.13,1.75,1.31,'Empate'),(747,3,71,7,1.44,1.82,1.01,'Visita'),(748,4,40,72,2.17,1.3,2.48,'Visita'),(749,1,25,17,2,3,2.16,'Visita'),(750,2,74,6,3.65,2.56,3.51,'Empate'),(751,3,27,39,2.29,1.9,1.83,'Empate'),(752,4,20,8,2.72,2.04,3.36,'Local'),(753,1,69,49,1.93,3.81,3.58,'Visita'),(754,2,38,42,1.99,1.36,3.85,'Empate'),(755,3,67,59,1.6,3.91,1.12,'Local'),(756,4,20,36,2.21,3.89,1.64,'Visita'),(757,1,45,49,3.85,3.84,3.7,'Empate'),(758,2,62,50,3.89,2.84,3.77,'Visita'),(759,3,7,3,1.56,2.13,3.99,'Empate'),(760,4,64,48,2.83,1.62,2.26,'Local'),(761,1,5,29,2.23,1.2,3.34,'Empate'),(762,2,66,34,1.98,2.24,1.42,'Local'),(763,3,47,51,1.9,3.49,1.35,'Local'),(764,4,44,64,2.03,3.6,2.17,'Local'),(765,1,69,53,2.68,2.14,3.87,'Local'),(766,2,62,14,1.06,1.05,3.73,'Local'),(767,3,55,7,2.45,1.95,2.7,'Local'),(768,4,32,56,3.35,3.3,3.53,'Visita'),(769,1,13,13,1.33,2.96,2.27,'Local'),(770,2,18,6,1.19,3.01,2.53,'Empate'),(771,3,23,39,3.95,3.32,3.28,'Empate'),(772,4,8,60,2.59,1.29,2.49,'Local'),(773,1,57,69,3.26,2.72,3.91,'Local'),(774,2,58,30,1.42,2.22,2.63,'Local'),(775,3,27,59,3.09,2.11,3.27,'Visita'),(776,4,24,12,2.19,3.24,2.13,'Local'),(777,1,45,1,2.96,1.39,3.47,'Local'),(778,2,22,22,1.84,3.74,2.64,'Visita'),(779,3,55,67,3.57,1.63,2.04,'Local'),(780,4,4,60,3.96,3.43,3.28,'Empate'),(781,1,77,17,1.83,3.74,2.58,'Local'),(782,2,38,18,1.91,2.86,1.63,'Empate'),(783,3,59,51,3.65,3.19,2.12,'Empate'),(784,4,68,40,1.33,2.76,3.54,'Visita'),(785,1,49,53,1.58,3.89,2.44,'Local'),(786,2,2,78,1.26,3.63,2.44,'Empate'),(787,3,51,15,3.74,1.3,1.27,'Empate'),(788,4,72,52,3.88,1.38,3.9,'Visita'),(789,1,49,37,3.75,3.79,3.14,'Empate'),(790,2,42,70,3.1,1.18,2.99,'Visita'),(791,3,75,3,1.47,1.43,1.81,'Visita'),(792,4,8,8,2.83,2.84,1.7,'Visita'),(793,1,61,49,1.11,2.24,1.58,'Visita'),(794,2,34,62,2.03,3.59,1.15,'Empate'),(795,3,79,11,3.34,2.05,1.9,'Empate'),(796,4,52,72,2.37,2.49,2.35,'Local'),(797,1,69,13,3.74,2.83,3.04,'Empate'),(798,2,34,34,1.62,3.03,1.05,'Local'),(799,3,79,19,3.13,3.23,2.11,'Empate'),(800,4,72,48,2.18,3.96,2.32,'Visita'),(801,1,53,49,2.25,1.2,1.83,'Visita'),(802,2,38,70,1.49,3.1,2.23,'Local'),(803,3,27,7,3.8,2.18,1.32,'Local'),(804,4,36,68,2.72,1.1,3.86,'Empate'),(805,1,61,25,2.83,1.36,2.75,'Visita'),(806,2,74,18,2.95,1.2,3.03,'Local'),(807,3,63,43,3.25,3.61,1.75,'Local'),(808,4,16,76,1.85,3.38,1.59,'Empate'),(809,1,49,77,3.38,1.35,1.09,'Empate'),(810,2,10,74,1.23,2.37,2.75,'Visita'),(811,3,35,75,2.67,3.3,2.61,'Empate'),(812,4,16,16,3.73,2.36,2.25,'Visita'),(813,1,73,17,1.02,3.08,1.11,'Local'),(814,2,18,58,3.11,3.37,3.89,'Visita'),(815,3,35,7,2.16,2.69,1.87,'Empate'),(816,4,80,80,3.3,3.84,3.63,'Local'),(817,1,37,53,2.79,2.87,3.63,'Local'),(818,2,30,74,1.57,2.7,3.5,'Empate'),(819,3,7,79,2.69,2.7,1.22,'Local'),(820,4,48,4,3.69,3.23,1.83,'Visita'),(821,1,41,9,3.34,2.62,3.56,'Empate'),(822,2,46,22,1.61,2.82,2.88,'Empate'),(823,3,75,23,1.5,2.48,2.42,'Visita'),(824,4,48,56,3.29,3.03,1.12,'Local'),(825,1,41,41,1.03,1.41,3.17,'Visita'),(826,2,18,46,3.22,3.65,1.18,'Empate'),(827,3,31,63,1.08,2.66,2.07,'Empate'),(828,4,12,68,1.08,3.06,2.34,'Local'),(829,1,57,73,3.4,2.27,2.98,'Visita'),(830,2,14,78,1.15,2.46,1.19,'Local'),(831,3,19,35,2.44,1.44,1.4,'Visita'),(832,4,52,72,1.3,3.33,1.2,'Empate'),(833,1,45,9,1.2,1.23,2.83,'Local'),(834,2,50,38,2.84,2.95,2.54,'Local'),(835,3,59,59,2.66,1.77,3.54,'Empate'),(836,4,28,80,3.22,3.61,1.55,'Empate'),(837,1,53,5,2.18,3.25,1.97,'Visita'),(838,2,2,2,2.94,1.13,3,'Local'),(839,3,31,79,1.74,2.65,1.21,'Visita'),(840,4,40,8,1.12,2.18,3.29,'Local'),(841,1,61,9,2.77,1.28,1.82,'Local'),(842,2,14,18,3.54,2.65,3.85,'Local'),(843,3,51,63,2.47,3.74,2.52,'Visita'),(844,4,36,28,2.96,2.98,1.3,'Local'),(845,1,45,49,3.95,1.84,1.51,'Local'),(846,2,70,34,1.35,1.76,2.35,'Visita'),(847,3,11,71,3.09,2.56,2.05,'Empate'),(848,4,60,36,1.49,1.42,2.77,'Local'),(849,1,33,73,3.14,3.88,2.64,'Visita'),(850,2,26,38,2.04,3.35,2.39,'Local'),(851,3,19,27,3.47,1.87,3.21,'Empate'),(852,4,8,32,3.06,1.08,3.93,'Local'),(853,1,69,53,3.95,3.76,3.96,'Visita'),(854,2,62,38,1.26,1.47,1.85,'Empate'),(855,3,71,59,1.23,3.88,1.21,'Local'),(856,4,4,64,3.85,1.83,3.11,'Visita'),(857,1,61,69,1.53,3.47,3.96,'Local'),(858,2,70,74,2.6,1.18,3.11,'Local'),(859,3,3,15,3.39,1.78,2.33,'Empate'),(860,4,40,68,3.44,2.9,1.85,'Visita'),(861,1,5,53,1.38,2.05,2.68,'Empate'),(862,2,50,38,2.11,3.23,3.71,'Visita'),(863,3,3,59,1.65,2.17,2.02,'Empate'),(864,4,80,56,3.85,2.64,2.23,'Empate'),(865,1,77,5,3.23,3.1,1.85,'Empate'),(866,2,78,46,3.96,3.62,1.79,'Empate'),(867,3,11,47,3.03,1.18,2.88,'Visita'),(868,4,24,32,1.51,2.43,1.61,'Empate'),(869,1,61,5,1.73,1.58,2.15,'Visita'),(870,2,50,22,3.03,3.76,2.76,'Local'),(871,3,39,3,3.8,2.3,2.49,'Local'),(872,4,40,80,1.11,3.53,3.86,'Local'),(873,1,29,69,3.95,1.6,3.54,'Visita'),(874,2,74,46,2.14,2.83,3.15,'Empate'),(875,3,75,79,1.95,3.86,3.82,'Empate'),(876,4,52,52,3.31,3.57,3.33,'Local'),(877,1,73,17,3.09,2.25,3.57,'Empate'),(878,2,58,70,3.15,1.56,1.45,'Local'),(879,3,51,71,3.04,1.11,3.19,'Empate'),(880,4,64,36,1.87,1.47,3.81,'Visita'),(881,1,57,45,2.83,3.04,1.71,'Empate'),(882,2,22,26,3.95,2.21,3.51,'Visita'),(883,3,51,67,2.19,3.81,3.4,'Visita'),(884,4,16,4,3.88,2.41,1.63,'Visita'),(885,1,57,49,2.78,1.24,1.1,'Visita'),(886,2,62,74,2.97,2.79,3.71,'Visita'),(887,3,11,67,2.87,1.88,1.05,'Visita'),(888,4,32,16,1.55,2.69,2.33,'Local'),(889,1,25,1,2.48,1.64,1.93,'Local'),(890,2,50,10,3.05,3.59,2.53,'Local'),(891,3,79,47,3.63,2.33,3.19,'Local'),(892,4,56,20,3.24,2.02,1.27,'Visita'),(893,1,49,57,1.92,1.71,2.56,'Local'),(894,2,38,58,2.77,3.22,2.62,'Empate'),(895,3,23,43,1.34,1.96,3.12,'Local'),(896,4,36,52,2.92,2.08,3.69,'Local'),(897,1,65,41,1.13,2.25,1.86,'Visita'),(898,2,62,42,2.6,2.78,3.02,'Visita'),(899,3,51,23,3.11,2.64,2.07,'Local'),(900,4,36,32,2.28,3.03,2.59,'Empate'),(901,1,5,53,3.04,2.28,3.16,'Local'),(902,2,66,26,3.92,1.67,1.98,'Empate'),(903,3,47,79,1.49,2.3,2.59,'Visita'),(904,4,76,32,2.35,2.5,1.42,'Empate'),(905,1,17,9,1.64,1.2,1.25,'Empate'),(906,2,58,30,2.78,2.85,1.1,'Local'),(907,3,67,55,2.06,2.26,1.14,'Local'),(908,4,68,16,1.53,3.95,2.52,'Empate'),(909,1,61,49,1.37,1.13,3.74,'Visita'),(910,2,10,42,2.14,1.61,2.02,'Local'),(911,3,15,75,2.18,2.41,2.63,'Local'),(912,4,8,48,3.53,1.96,2.59,'Empate'),(913,1,13,33,2.94,2.94,1.99,'Empate'),(914,2,30,78,2.16,1.88,3.67,'Local'),(915,3,55,39,2.65,3.79,3.67,'Local'),(916,4,80,32,2.72,1.54,2.94,'Empate'),(917,1,25,33,1.77,3.72,1.4,'Local'),(918,2,50,70,2.75,2.9,2.11,'Local'),(919,3,79,3,3.53,3.64,1.18,'Local'),(920,4,72,36,1.88,1.24,2.96,'Empate'),(921,1,57,25,1.22,3.5,1.25,'Local'),(922,2,78,26,1.63,2.38,3.91,'Local'),(923,3,67,3,2.52,1.65,3.94,'Empate'),(924,4,32,28,3.13,3.69,1.68,'Local'),(925,1,13,5,2.35,3.38,1.66,'Empate'),(926,2,10,26,1.92,1.47,2.29,'Visita'),(927,3,67,43,2.23,1.97,2.57,'Empate'),(928,4,12,60,1.81,1.62,1.37,'Local'),(929,1,13,1,3.88,3.56,1.78,'Empate'),(930,2,6,78,3.75,3.22,1.01,'Visita'),(931,3,55,71,1.52,1.16,2.67,'Empate'),(932,4,28,48,2.13,2.47,1.3,'Visita'),(933,1,65,25,1.42,1.47,2.05,'Visita'),(934,2,6,54,1.59,2.8,1.46,'Local'),(935,3,39,67,1.69,3.05,1.74,'Local'),(936,4,4,60,1.73,3.28,2.85,'Empate'),(937,1,57,29,1.47,1.56,1.4,'Empate'),(938,2,42,42,1.95,2.56,3.03,'Empate'),(939,3,7,59,2.59,2.74,1.62,'Local'),(940,4,8,72,3.12,3.39,3.76,'Visita'),(941,1,61,21,3.79,2.64,2.16,'Local'),(942,2,34,34,3.34,1.6,3.59,'Local'),(943,3,67,3,2.33,1.04,3.43,'Visita'),(944,4,80,28,1.36,1.45,1.89,'Local'),(945,1,17,33,1.14,3.62,2.33,'Local'),(946,2,30,38,1.06,1.14,3.99,'Local'),(947,3,11,7,1.05,2.53,1.11,'Local'),(948,4,44,28,2.17,3.21,3.12,'Local'),(949,1,5,25,1.35,1.3,2.45,'Visita'),(950,2,26,14,2.03,3.4,2.41,'Empate'),(951,3,71,59,3.85,2.75,3.32,'Visita'),(952,4,76,52,1.34,2.95,2.13,'Local'),(953,1,77,49,2.04,2.41,3.45,'Empate'),(954,2,6,38,3.44,3.98,2.68,'Visita'),(955,3,11,31,1.48,1.8,2.75,'Empate'),(956,4,28,56,1.44,1.21,3.25,'Local'),(957,1,13,37,2.74,2.01,2.51,'Local'),(958,2,78,6,2.64,1.03,1.06,'Local'),(959,3,47,19,2.74,1.07,1.97,'Visita'),(960,4,32,40,1.38,1.38,2.92,'Visita'),(961,1,61,73,3.45,2.58,3.5,'Empate'),(962,2,62,50,3.35,2.75,3.07,'Empate'),(963,3,51,47,3.77,2.63,3.79,'Empate'),(964,4,12,64,3.06,2.41,2.72,'Visita'),(965,1,45,49,2.75,1.53,3.96,'Visita'),(966,2,22,38,3.33,3.22,1.12,'Visita'),(967,3,7,63,1.48,2.85,3.05,'Visita'),(968,4,16,36,3.33,1.68,3.52,'Visita'),(969,1,49,33,3.95,2.71,1.01,'Local'),(970,2,26,10,2.13,1.05,3.46,'Empate'),(971,3,43,11,3.04,1.9,1.22,'Local'),(972,4,4,68,2.7,1.51,3.52,'Local'),(973,1,25,73,1.54,2.51,3.96,'Empate'),(974,2,54,38,2.84,2.48,1.85,'Empate'),(975,3,19,31,3.39,2.81,3.2,'Empate'),(976,4,72,4,1.02,3.18,3.67,'Visita'),(977,1,21,37,2.97,3.57,1.57,'Visita'),(978,2,66,34,2.85,2.91,3.67,'Visita'),(979,3,43,67,2.89,1.5,1.62,'Visita'),(980,4,64,40,1.91,1.13,2.97,'Local'),(981,1,5,21,3.11,2.83,3.45,'Empate'),(982,2,14,18,3.93,1.32,2.85,'Local'),(983,3,23,71,1.2,3,2.69,'Local'),(984,4,32,32,2.57,2.88,2.32,'Local'),(985,1,69,21,1.39,2.16,2.39,'Visita'),(986,2,14,50,2.89,2.42,1.73,'Empate'),(987,3,47,59,2.14,1.36,3.34,'Local'),(988,4,64,44,1.74,3.21,1.13,'Empate'),(989,1,45,37,3.48,1.35,2.29,'Visita'),(990,2,34,46,3.81,3.8,3.45,'Local'),(991,3,31,59,3.49,3.71,2.68,'Local'),(992,4,16,40,2.1,2.01,3.43,'Local'),(993,1,13,29,3.04,1.65,2.04,'Local'),(994,2,14,70,2.49,2.37,2.57,'Visita'),(995,3,39,31,1.91,1.5,1.95,'Visita'),(996,4,24,36,2.82,3.6,1.31,'Empate'),(997,1,45,41,2.8,3.95,2.14,'Empate'),(998,2,30,18,3.77,1.57,3.38,'Local'),(999,3,23,59,2.01,3.36,3.13,'Empate'),(1000,4,48,72,3.52,3.06,2.56,'Visita');
/*!40000 ALTER TABLE `partidos` ENABLE KEYS */;
UNLOCK TABLES;

--
-- Table structure for table `transacciones`
--

DROP TABLE IF EXISTS `transacciones`;
/*!40101 SET @saved_cs_client     = @@character_set_client */;
/*!50503 SET character_set_client = utf8mb4 */;
CREATE TABLE `transacciones` (
  `id_Transaccion` int DEFAULT NULL,
  `id_Usuario` int DEFAULT NULL,
  `Monto` int DEFAULT NULL,
  `Tipo_Transacción` varchar(50) DEFAULT NULL
) ENGINE=InnoDB DEFAULT CHARSET=utf8mb4 COLLATE=utf8mb4_0900_ai_ci;
/*!40101 SET character_set_client = @saved_cs_client */;

--
-- Dumping data for table `transacciones`
--

LOCK TABLES `transacciones` WRITE;
/*!40000 ALTER TABLE `transacciones` DISABLE KEYS */;
INSERT INTO `transacciones` VALUES (1,18,1308,'Deposito'),(2,58,407,'Deposito'),(3,32,1342,'Retiro'),(4,10,763,'Deposito'),(5,70,1259,'Retiro'),(6,73,1357,'Deposito'),(7,72,2688,'Retiro'),(8,13,2709,'Deposito'),(9,94,1962,'Retiro'),(10,96,2854,'Deposito'),(11,42,1744,'Deposito'),(12,73,2647,'Deposito'),(13,89,2222,'Deposito'),(14,74,912,'Retiro'),(15,87,2225,'Retiro'),(16,100,1382,'Retiro'),(17,26,692,'Retiro'),(18,100,825,'Deposito'),(19,2,1682,'Deposito'),(20,28,2544,'Deposito'),(21,63,1538,'Deposito'),(22,27,2493,'Deposito'),(23,60,1119,'Deposito'),(24,4,229,'Deposito'),(25,20,2526,'Deposito'),(26,57,1965,'Deposito'),(27,76,2858,'Deposito'),(28,97,208,'Deposito'),(29,38,2829,'Deposito'),(30,14,2966,'Deposito'),(31,27,1193,'Retiro'),(32,63,2790,'Retiro'),(33,30,1760,'Deposito'),(34,72,2921,'Deposito'),(35,21,1147,'Deposito'),(36,55,889,'Deposito'),(37,24,2791,'Deposito'),(38,84,1606,'Deposito'),(39,84,1678,'Deposito'),(40,55,1674,'Deposito'),(41,8,2112,'Deposito'),(42,83,1287,'Retiro'),(43,31,1124,'Deposito'),(44,86,2991,'Deposito'),(45,34,692,'Deposito'),(46,56,1445,'Deposito'),(47,23,702,'Deposito'),(48,26,1412,'Retiro'),(49,48,2306,'Deposito'),(50,17,2962,'Deposito'),(51,12,1557,'Retiro'),(52,82,2789,'Deposito'),(53,88,1082,'Retiro'),(54,20,232,'Deposito'),(55,38,1150,'Deposito'),(56,42,2132,'Retiro'),(57,92,1164,'Deposito'),(58,90,2457,'Deposito'),(59,91,567,'Retiro'),(60,13,1089,'Retiro'),(61,11,2419,'Retiro'),(62,21,1205,'Deposito'),(63,96,2494,'Deposito'),(64,39,1796,'Deposito'),(65,45,1457,'Deposito'),(66,94,2428,'Deposito'),(67,59,1572,'Retiro'),(68,58,1808,'Deposito'),(69,34,1131,'Retiro'),(70,94,697,'Deposito'),(71,62,1205,'Deposito'),(72,2,1316,'Deposito'),(73,63,2348,'Deposito'),(74,93,1972,'Retiro'),(75,86,2456,'Deposito'),(76,53,2994,'Retiro'),(77,73,2501,'Deposito'),(78,57,726,'Deposito'),(79,48,590,'Deposito'),(80,54,1280,'Retiro'),(81,12,2978,'Retiro'),(82,35,788,'Retiro'),(83,13,1244,'Retiro'),(84,49,915,'Deposito'),(85,8,1357,'Deposito'),(86,34,1329,'Deposito'),(87,89,2557,'Deposito'),(88,55,2834,'Deposito'),(89,21,2813,'Deposito'),(90,76,1771,'Deposito'),(91,54,1795,'Deposito'),(92,30,1711,'Deposito'),(93,59,504,'Retiro'),(94,84,2727,'Retiro'),(95,12,422,'Retiro'),(96,75,1725,'Retiro'),(97,67,943,'Deposito'),(98,40,664,'Deposito'),(99,61,1440,'Retiro'),(100,30,1717,'Retiro'),(101,42,2719,'Retiro'),(102,63,1837,'Deposito'),(103,33,816,'Deposito'),(104,97,936,'Deposito'),(105,23,1031,'Deposito'),(106,18,1957,'Retiro'),(107,42,548,'Retiro'),(108,14,1008,'Deposito'),(109,54,2896,'Deposito'),(110,70,489,'Retiro'),(111,93,1396,'Deposito'),(112,22,1027,'Deposito'),(113,72,1992,'Deposito'),(114,35,2942,'Deposito'),(115,16,343,'Deposito'),(116,87,990,'Deposito'),(117,14,814,'Retiro'),(118,21,2349,'Deposito'),(119,49,1719,'Retiro'),(120,2,1667,'Deposito'),(121,90,822,'Retiro'),(122,40,918,'Retiro'),(123,97,241,'Deposito'),(124,48,1400,'Deposito'),(125,39,2499,'Deposito'),(126,31,1785,'Deposito'),(127,46,988,'Deposito'),(128,72,1620,'Deposito'),(129,70,376,'Deposito'),(130,83,1775,'Deposito'),(131,87,373,'Deposito'),(132,75,1563,'Deposito'),(133,27,1456,'Retiro'),(134,50,1790,'Retiro'),(135,70,938,'Deposito'),(136,12,2960,'Deposito'),(137,90,1389,'Retiro'),(138,35,2944,'Deposito'),(139,4,273,'Deposito'),(140,42,2064,'Deposito'),(141,28,1703,'Deposito'),(142,81,2183,'Retiro'),(143,21,1821,'Deposito'),(144,24,549,'Deposito'),(145,78,1027,'Deposito'),(146,89,470,'Deposito'),(147,4,2845,'Retiro'),(148,82,2690,'Retiro'),(149,97,1065,'Deposito'),(150,29,1805,'Deposito'),(151,16,958,'Deposito'),(152,28,1746,'Deposito'),(153,34,1783,'Deposito'),(154,96,1524,'Retiro'),(155,23,2677,'Deposito'),(156,97,393,'Retiro'),(157,58,986,'Deposito'),(158,17,693,'Deposito'),(159,74,2228,'Deposito'),(160,86,1223,'Deposito'),(161,26,2043,'Deposito'),(162,100,931,'Retiro'),(163,7,662,'Deposito'),(164,45,1390,'Deposito'),(165,89,813,'Deposito'),(166,61,2248,'Deposito'),(167,40,2240,'Deposito'),(168,62,2450,'Retiro'),(169,35,1951,'Deposito'),(170,64,465,'Deposito'),(171,11,1615,'Deposito'),(172,1,2898,'Deposito'),(173,81,304,'Deposito'),(174,5,1985,'Retiro'),(175,30,716,'Deposito'),(176,36,1741,'Deposito'),(177,2,1449,'Deposito'),(178,42,894,'Deposito'),(179,55,1822,'Deposito'),(180,58,2179,'Deposito'),(181,97,1644,'Deposito'),(182,91,1856,'Deposito'),(183,65,2831,'Deposito'),(184,37,1086,'Retiro'),(185,92,1569,'Deposito'),(186,74,397,'Deposito'),(187,3,1322,'Retiro'),(188,21,867,'Retiro'),(189,78,966,'Retiro'),(190,55,1535,'Deposito'),(191,39,1950,'Retiro'),(192,43,2814,'Retiro'),(193,26,2047,'Retiro'),(194,81,428,'Deposito'),(195,81,1400,'Deposito'),(196,93,269,'Retiro'),(197,58,2192,'Deposito'),(198,55,263,'Deposito'),(199,40,2145,'Retiro'),(200,22,1185,'Retiro'),(201,4,1611,'Retiro'),(202,27,435,'Deposito'),(203,36,978,'Retiro'),(204,60,1449,'Retiro'),(205,2,805,'Retiro'),(206,70,1563,'Deposito'),(207,9,328,'Deposito'),(208,15,1153,'Retiro'),(209,57,1050,'Retiro'),(210,25,2373,'Retiro'),(211,26,2884,'Deposito'),(212,79,1601,'Retiro'),(213,8,1097,'Deposito'),(214,19,2124,'Deposito'),(215,6,2819,'Retiro'),(216,13,978,'Deposito'),(217,9,1917,'Deposito'),(218,26,375,'Deposito'),(219,100,868,'Retiro'),(220,46,2915,'Deposito'),(221,76,1155,'Deposito'),(222,32,2183,'Deposito'),(223,73,1066,'Deposito'),(224,45,2103,'Deposito'),(225,1,911,'Retiro'),(226,92,1387,'Deposito'),(227,27,652,'Retiro'),(228,29,1932,'Retiro'),(229,94,2960,'Retiro'),(230,51,1992,'Deposito'),(231,79,1341,'Deposito'),(232,93,2398,'Retiro'),(233,59,1301,'Retiro'),(234,60,588,'Deposito'),(235,27,2188,'Deposito'),(236,55,1009,'Deposito'),(237,11,1222,'Deposito'),(238,30,1390,'Retiro'),(239,60,2524,'Retiro'),(240,22,2018,'Deposito'),(241,87,1662,'Retiro'),(242,79,661,'Deposito'),(243,99,1227,'Deposito'),(244,94,385,'Retiro'),(245,62,2573,'Retiro'),(246,63,2448,'Retiro'),(247,81,2601,'Deposito'),(248,33,1184,'Deposito'),(249,23,920,'Retiro'),(250,70,2176,'Deposito'),(251,75,355,'Retiro'),(252,36,358,'Deposito'),(253,89,1881,'Deposito'),(254,17,842,'Deposito'),(255,63,2992,'Deposito'),(256,92,446,'Deposito'),(257,30,2689,'Deposito'),(258,78,638,'Retiro'),(259,51,2907,'Retiro'),(260,73,2559,'Deposito'),(261,58,1474,'Retiro'),(262,79,1944,'Deposito'),(263,60,1413,'Retiro'),(264,42,2497,'Retiro'),(265,78,2197,'Retiro'),(266,67,2923,'Retiro'),(267,25,413,'Deposito'),(268,58,454,'Deposito'),(269,40,2967,'Deposito'),(270,57,1283,'Deposito'),(271,81,2294,'Deposito'),(272,3,961,'Deposito'),(273,96,664,'Retiro'),(274,7,1090,'Deposito'),(275,81,272,'Deposito'),(276,19,1920,'Deposito'),(277,95,1731,'Retiro'),(278,12,1598,'Deposito'),(279,23,2911,'Retiro'),(280,58,1156,'Deposito'),(281,3,1325,'Retiro'),(282,16,1307,'Deposito'),(283,8,1436,'Retiro'),(284,28,2660,'Deposito'),(285,39,1490,'Deposito'),(286,3,591,'Deposito'),(287,31,2103,'Deposito'),(288,51,1007,'Retiro'),(289,81,2305,'Deposito'),(290,5,1637,'Deposito'),(291,58,724,'Deposito'),(292,9,1200,'Retiro'),(293,78,1113,'Retiro'),(294,84,796,'Retiro'),(295,42,1623,'Deposito'),(296,100,1347,'Deposito'),(297,17,242,'Deposito'),(298,83,2920,'Deposito'),(299,5,2638,'Deposito'),(300,50,2688,'Retiro'),(301,75,1460,'Deposito'),(302,22,223,'Deposito'),(303,80,1308,'Retiro'),(304,8,1998,'Deposito'),(305,9,2019,'Retiro'),(306,71,1014,'Deposito'),(307,73,2998,'Deposito'),(308,53,1378,'Retiro'),(309,56,471,'Deposito'),(310,80,1874,'Deposito'),(311,75,901,'Deposito'),(312,46,1837,'Retiro'),(313,27,2457,'Retiro'),(314,89,2587,'Retiro'),(315,94,1218,'Deposito'),(316,14,1090,'Retiro'),(317,81,2006,'Retiro'),(318,58,685,'Deposito'),(319,2,2042,'Deposito'),(320,32,1691,'Deposito'),(321,56,1625,'Deposito'),(322,96,706,'Deposito'),(323,27,1097,'Deposito'),(324,60,2928,'Deposito'),(325,23,2502,'Deposito'),(326,50,2048,'Deposito'),(327,51,2333,'Deposito'),(328,41,2946,'Deposito'),(329,99,779,'Retiro'),(330,74,938,'Deposito'),(331,1,777,'Retiro'),(332,2,2356,'Deposito'),(333,5,2619,'Retiro'),(334,71,2528,'Retiro'),(335,34,2468,'Deposito'),(336,55,522,'Deposito'),(337,10,1234,'Retiro'),(338,82,1091,'Deposito'),(339,10,919,'Retiro'),(340,79,331,'Retiro'),(341,4,1733,'Deposito'),(342,96,416,'Retiro'),(343,72,1952,'Retiro'),(344,39,522,'Deposito'),(345,22,562,'Deposito'),(346,73,821,'Retiro'),(347,84,813,'Deposito'),(348,40,1373,'Deposito'),(349,27,2491,'Deposito'),(350,12,1761,'Deposito'),(351,21,1419,'Deposito'),(352,56,2649,'Deposito'),(353,77,2835,'Deposito'),(354,41,243,'Retiro'),(355,41,2629,'Retiro'),(356,90,1737,'Retiro'),(357,65,462,'Retiro'),(358,20,2190,'Deposito'),(359,99,1814,'Deposito'),(360,53,275,'Retiro'),(361,76,2885,'Deposito'),(362,57,1483,'Deposito'),(363,50,1091,'Deposito'),(364,26,2192,'Deposito'),(365,77,2781,'Deposito'),(366,89,657,'Deposito'),(367,28,619,'Retiro'),(368,74,827,'Retiro'),(369,59,1371,'Deposito'),(370,50,556,'Deposito'),(371,86,722,'Deposito'),(372,97,2222,'Retiro'),(373,45,243,'Retiro'),(374,96,430,'Deposito'),(375,5,1266,'Deposito'),(376,41,1357,'Retiro'),(377,41,2366,'Deposito'),(378,38,1185,'Retiro'),(379,3,726,'Deposito'),(380,72,1366,'Deposito'),(381,48,2782,'Retiro'),(382,82,1558,'Deposito'),(383,75,2325,'Retiro'),(384,24,2021,'Deposito'),(385,19,691,'Retiro'),(386,66,2934,'Deposito'),(387,59,618,'Deposito'),(388,31,1196,'Deposito'),(389,26,1959,'Retiro'),(390,95,2772,'Retiro'),(391,68,2187,'Deposito'),(392,18,2803,'Deposito'),(393,45,2804,'Retiro'),(394,55,1260,'Deposito'),(395,36,1726,'Retiro'),(396,58,2193,'Deposito'),(397,80,225,'Retiro'),(398,15,2381,'Deposito'),(399,88,296,'Retiro'),(400,6,350,'Retiro'),(401,82,1190,'Deposito'),(402,48,202,'Deposito'),(403,93,668,'Deposito'),(404,52,1571,'Deposito'),(405,37,2455,'Deposito'),(406,53,1714,'Retiro'),(407,45,1644,'Deposito'),(408,8,403,'Deposito'),(409,11,2025,'Deposito'),(410,98,489,'Retiro'),(411,61,2707,'Deposito'),(412,40,879,'Deposito'),(413,84,1609,'Deposito'),(414,100,2885,'Deposito'),(415,7,317,'Deposito'),(416,38,2981,'Retiro'),(417,1,424,'Deposito'),(418,91,436,'Deposito'),(419,9,2984,'Deposito'),(420,65,232,'Deposito'),(421,3,529,'Retiro'),(422,66,2108,'Retiro'),(423,61,2331,'Retiro'),(424,48,1889,'Deposito'),(425,53,710,'Retiro'),(426,51,884,'Deposito'),(427,26,1516,'Deposito'),(428,73,442,'Deposito'),(429,26,1082,'Deposito'),(430,31,1132,'Retiro'),(431,2,1538,'Deposito'),(432,18,1703,'Deposito'),(433,70,578,'Deposito'),(434,71,2884,'Retiro'),(435,28,466,'Retiro'),(436,32,1389,'Deposito'),(437,69,1834,'Retiro'),(438,95,813,'Deposito'),(439,30,2939,'Deposito'),(440,1,2138,'Deposito'),(441,50,1483,'Deposito'),(442,44,2152,'Deposito'),(443,3,1451,'Retiro'),(444,73,410,'Retiro'),(445,2,1986,'Deposito'),(446,18,1709,'Retiro'),(447,30,304,'Deposito'),(448,42,2930,'Deposito'),(449,79,2679,'Deposito'),(450,91,2115,'Deposito'),(451,2,2591,'Deposito'),(452,40,745,'Deposito'),(453,29,1641,'Deposito'),(454,78,540,'Deposito'),(455,57,1846,'Deposito'),(456,38,919,'Deposito'),(457,57,2535,'Deposito'),(458,88,2605,'Retiro'),(459,11,2443,'Retiro'),(460,15,413,'Retiro'),(461,80,2499,'Deposito'),(462,13,2908,'Deposito'),(463,88,2611,'Retiro'),(464,56,2317,'Retiro'),(465,38,2731,'Deposito'),(466,33,1798,'Deposito'),(467,38,2132,'Retiro'),(468,98,1589,'Deposito'),(469,99,1943,'Deposito'),(470,12,2673,'Deposito'),(471,28,1398,'Deposito'),(472,42,911,'Retiro'),(473,70,2095,'Deposito'),(474,58,321,'Retiro'),(475,71,902,'Retiro'),(476,15,1726,'Retiro'),(477,66,1586,'Retiro'),(478,49,806,'Deposito'),(479,19,2798,'Retiro'),(480,28,318,'Deposito'),(481,53,1783,'Deposito'),(482,31,2980,'Retiro'),(483,3,316,'Retiro'),(484,86,1533,'Retiro'),(485,84,1065,'Deposito'),(486,40,1140,'Deposito'),(487,66,2554,'Retiro'),(488,96,613,'Deposito'),(489,43,2347,'Retiro'),(490,82,434,'Deposito'),(491,98,433,'Retiro'),(492,96,2066,'Deposito'),(493,9,1702,'Retiro'),(494,17,1779,'Deposito'),(495,12,1433,'Retiro'),(496,23,1321,'Deposito'),(497,65,458,'Deposito'),(498,40,2056,'Deposito'),(499,68,2913,'Retiro'),(500,6,1455,'Deposito'),(501,62,2207,'Retiro'),(502,44,2970,'Retiro'),(503,94,2502,'Deposito'),(504,16,1218,'Deposito'),(505,48,1375,'Retiro'),(506,18,2643,'Deposito'),(507,93,2236,'Deposito'),(508,5,1715,'Retiro'),(509,96,2390,'Deposito'),(510,59,1965,'Deposito'),(511,66,2569,'Retiro'),(512,11,1025,'Retiro'),(513,62,626,'Retiro'),(514,67,367,'Deposito'),(515,86,2817,'Retiro'),(516,33,2170,'Deposito'),(517,96,2963,'Deposito'),(518,23,2391,'Retiro'),(519,88,1661,'Retiro'),(520,16,393,'Deposito'),(521,90,1540,'Deposito'),(522,56,936,'Retiro'),(523,76,438,'Deposito'),(524,75,853,'Deposito'),(525,44,2944,'Deposito'),(526,40,344,'Deposito'),(527,61,2190,'Retiro'),(528,79,552,'Deposito'),(529,8,2707,'Retiro'),(530,4,2037,'Deposito'),(531,74,2011,'Retiro'),(532,75,636,'Deposito'),(533,23,1913,'Deposito'),(534,65,438,'Deposito'),(535,78,2297,'Deposito'),(536,93,1618,'Deposito'),(537,27,1374,'Retiro'),(538,93,2776,'Retiro'),(539,75,580,'Deposito'),(540,34,1847,'Retiro'),(541,36,340,'Deposito'),(542,8,266,'Retiro'),(543,25,387,'Deposito'),(544,68,1620,'Deposito'),(545,95,359,'Deposito'),(546,96,1115,'Deposito'),(547,67,1470,'Deposito'),(548,76,1398,'Retiro'),(549,63,632,'Deposito'),(550,21,2179,'Deposito'),(551,17,1660,'Deposito'),(552,44,2618,'Deposito'),(553,55,993,'Deposito'),(554,64,1371,'Retiro'),(555,36,1198,'Deposito'),(556,27,1880,'Deposito'),(557,68,219,'Deposito'),(558,81,2975,'Deposito'),(559,59,2792,'Deposito'),(560,31,1303,'Deposito'),(561,10,716,'Deposito'),(562,68,1674,'Deposito'),(563,52,891,'Deposito'),(564,37,2302,'Retiro'),(565,33,2607,'Retiro'),(566,21,2025,'Deposito'),(567,100,212,'Retiro'),(568,98,2398,'Deposito'),(569,10,1572,'Deposito'),(570,42,205,'Retiro'),(571,1,1467,'Deposito'),(572,61,2148,'Deposito'),(573,51,1916,'Deposito'),(574,40,1934,'Deposito'),(575,47,2804,'Deposito'),(576,3,2022,'Deposito'),(577,28,1362,'Deposito'),(578,96,2090,'Retiro'),(579,100,2960,'Retiro'),(580,82,1812,'Retiro'),(581,5,2562,'Retiro'),(582,87,2504,'Deposito'),(583,12,1230,'Deposito'),(584,33,1633,'Deposito'),(585,11,1218,'Retiro'),(586,96,1352,'Deposito'),(587,68,962,'Deposito'),(588,94,1429,'Deposito'),(589,64,1003,'Deposito'),(590,88,1899,'Retiro'),(591,47,813,'Deposito'),(592,49,760,'Retiro'),(593,88,1867,'Deposito'),(594,99,1365,'Retiro'),(595,33,1665,'Deposito'),(596,98,1882,'Deposito'),(597,26,1290,'Deposito'),(598,29,1906,'Retiro'),(599,99,1931,'Deposito'),(600,1,793,'Deposito'),(601,73,1382,'Deposito'),(602,28,570,'Deposito'),(603,57,889,'Deposito'),(604,16,1046,'Deposito'),(605,46,2913,'Deposito'),(606,5,329,'Deposito'),(607,100,2565,'Deposito'),(608,47,1316,'Deposito'),(609,60,679,'Deposito'),(610,54,1878,'Deposito'),(611,24,2312,'Deposito'),(612,69,1558,'Retiro'),(613,67,710,'Deposito'),(614,55,672,'Deposito'),(615,44,2740,'Deposito'),(616,43,438,'Deposito'),(617,68,1877,'Deposito'),(618,84,1578,'Retiro'),(619,33,2766,'Retiro'),(620,65,967,'Retiro'),(621,79,2041,'Deposito'),(622,91,477,'Retiro'),(623,78,2540,'Deposito'),(624,34,2646,'Deposito'),(625,85,992,'Deposito'),(626,67,2585,'Deposito'),(627,98,1442,'Retiro'),(628,31,2976,'Deposito'),(629,58,2429,'Retiro'),(630,84,670,'Deposito'),(631,38,2492,'Deposito'),(632,88,2331,'Deposito'),(633,19,1375,'Retiro'),(634,15,1351,'Deposito'),(635,87,2851,'Retiro'),(636,59,838,'Deposito'),(637,88,285,'Deposito'),(638,52,2100,'Deposito'),(639,89,385,'Retiro'),(640,19,448,'Deposito'),(641,99,872,'Deposito'),(642,31,1077,'Deposito'),(643,100,2753,'Retiro'),(644,83,1380,'Retiro'),(645,58,1154,'Deposito'),(646,90,734,'Deposito'),(647,68,2294,'Deposito'),(648,21,2068,'Deposito'),(649,9,2165,'Deposito'),(650,31,301,'Deposito'),(651,85,994,'Deposito'),(652,9,1250,'Deposito'),(653,10,779,'Deposito'),(654,28,1520,'Retiro'),(655,14,1766,'Deposito'),(656,89,812,'Deposito'),(657,80,408,'Deposito'),(658,37,2680,'Deposito'),(659,8,2070,'Retiro'),(660,65,1246,'Deposito'),(661,93,2268,'Deposito'),(662,27,1179,'Deposito'),(663,80,1841,'Deposito'),(664,60,558,'Deposito'),(665,51,1573,'Deposito'),(666,66,800,'Deposito'),(667,29,656,'Deposito'),(668,48,478,'Retiro'),(669,100,2492,'Retiro'),(670,46,2090,'Deposito'),(671,1,429,'Deposito'),(672,63,1576,'Deposito'),(673,60,2017,'Deposito'),(674,55,2107,'Deposito'),(675,91,2185,'Deposito'),(676,88,2839,'Deposito'),(677,90,2998,'Deposito'),(678,39,1826,'Deposito'),(679,24,2093,'Deposito'),(680,79,2568,'Deposito'),(681,20,1912,'Retiro'),(682,86,2481,'Deposito'),(683,17,1792,'Retiro'),(684,86,1731,'Deposito'),(685,48,496,'Deposito'),(686,59,902,'Retiro'),(687,50,2664,'Deposito'),(688,60,2559,'Retiro'),(689,88,1330,'Deposito'),(690,84,901,'Deposito'),(691,90,1709,'Deposito'),(692,38,1396,'Deposito'),(693,75,2139,'Deposito'),(694,58,2493,'Deposito'),(695,71,1456,'Deposito'),(696,10,2565,'Deposito'),(697,90,1338,'Deposito'),(698,77,1229,'Deposito'),(699,87,667,'Retiro'),(700,17,571,'Deposito'),(701,61,1537,'Retiro'),(702,59,1492,'Deposito'),(703,79,601,'Deposito'),(704,71,1543,'Deposito'),(705,18,501,'Deposito'),(706,67,302,'Retiro'),(707,48,319,'Deposito'),(708,93,343,'Deposito'),(709,16,2507,'Deposito'),(710,75,701,'Deposito'),(711,61,1965,'Deposito'),(712,10,881,'Deposito'),(713,37,1338,'Deposito'),(714,96,692,'Deposito'),(715,65,616,'Deposito'),(716,71,1561,'Deposito'),(717,97,495,'Retiro'),(718,27,2825,'Deposito'),(719,19,2421,'Retiro'),(720,92,2318,'Deposito'),(721,35,1334,'Retiro'),(722,85,235,'Deposito'),(723,64,1766,'Deposito'),(724,28,2370,'Deposito'),(725,39,1108,'Deposito'),(726,99,1910,'Retiro'),(727,70,2772,'Retiro'),(728,90,1552,'Deposito'),(729,7,1015,'Deposito'),(730,3,1481,'Retiro'),(731,6,2758,'Deposito'),(732,35,1918,'Deposito'),(733,53,1841,'Deposito'),(734,40,2787,'Deposito'),(735,88,2819,'Retiro'),(736,62,2415,'Retiro'),(737,20,972,'Deposito'),(738,98,1808,'Retiro'),(739,69,422,'Deposito'),(740,77,2406,'Retiro'),(741,64,1172,'Deposito'),(742,87,934,'Deposito'),(743,44,677,'Retiro'),(744,95,1765,'Retiro'),(745,65,322,'Retiro'),(746,85,2445,'Deposito'),(747,1,1085,'Deposito'),(748,6,1048,'Deposito'),(749,50,2931,'Deposito'),(750,3,1336,'Deposito'),(751,58,2220,'Retiro'),(752,20,2062,'Deposito'),(753,67,703,'Deposito'),(754,37,2423,'Deposito'),(755,17,504,'Deposito'),(756,1,1822,'Deposito'),(757,35,2172,'Deposito'),(758,56,254,'Retiro'),(759,75,232,'Deposito'),(760,92,2489,'Deposito'),(761,75,2780,'Deposito'),(762,14,2857,'Retiro'),(763,17,2083,'Deposito'),(764,9,948,'Retiro'),(765,23,224,'Deposito'),(766,81,2047,'Retiro'),(767,64,1088,'Deposito'),(768,26,982,'Deposito'),(769,44,2487,'Deposito'),(770,46,1815,'Retiro'),(771,10,327,'Deposito'),(772,80,2366,'Deposito'),(773,54,2294,'Deposito'),(774,26,720,'Deposito'),(775,37,1230,'Retiro'),(776,45,765,'Deposito'),(777,97,1283,'Deposito'),(778,89,1726,'Deposito'),(779,94,1617,'Retiro'),(780,8,1873,'Deposito'),(781,49,1400,'Retiro'),(782,66,1021,'Deposito'),(783,16,1885,'Deposito'),(784,40,1288,'Retiro'),(785,59,1767,'Deposito'),(786,27,1289,'Deposito'),(787,84,555,'Deposito'),(788,98,2399,'Deposito'),(789,82,486,'Deposito'),(790,41,2841,'Deposito'),(791,84,495,'Deposito'),(792,70,909,'Retiro'),(793,18,1627,'Deposito'),(794,23,2486,'Deposito'),(795,14,1627,'Deposito'),(796,74,1994,'Deposito'),(797,33,285,'Deposito'),(798,53,1663,'Deposito'),(799,98,381,'Deposito'),(800,71,2128,'Retiro'),(801,99,2292,'Deposito'),(802,21,1768,'Deposito'),(803,39,939,'Retiro'),(804,11,1367,'Retiro'),(805,99,2169,'Deposito'),(806,72,2046,'Deposito'),(807,96,1353,'Deposito'),(808,94,1112,'Retiro'),(809,94,2733,'Deposito'),(810,95,1572,'Retiro'),(811,49,1037,'Deposito'),(812,54,2855,'Retiro'),(813,93,569,'Retiro'),(814,43,2474,'Deposito'),(815,35,330,'Retiro'),(816,59,971,'Deposito'),(817,9,1890,'Deposito'),(818,41,666,'Deposito'),(819,83,1305,'Deposito'),(820,9,2062,'Deposito'),(821,14,1498,'Retiro'),(822,79,304,'Retiro'),(823,96,1352,'Deposito'),(824,29,932,'Deposito'),(825,84,910,'Retiro'),(826,51,512,'Retiro'),(827,22,2395,'Deposito'),(828,86,1761,'Retiro'),(829,74,642,'Deposito'),(830,21,2916,'Deposito'),(831,85,869,'Deposito'),(832,99,1429,'Deposito'),(833,53,248,'Retiro'),(834,40,1851,'Deposito'),(835,12,1742,'Retiro'),(836,4,2860,'Deposito'),(837,31,770,'Deposito'),(838,90,1621,'Deposito'),(839,62,228,'Retiro'),(840,37,1191,'Deposito'),(841,50,2190,'Deposito'),(842,89,218,'Deposito'),(843,100,1522,'Deposito'),(844,23,2444,'Retiro'),(845,74,350,'Deposito'),(846,68,2287,'Deposito'),(847,10,641,'Deposito'),(848,17,2607,'Deposito'),(849,33,2033,'Deposito'),(850,79,1785,'Deposito'),(851,9,1844,'Deposito'),(852,41,1369,'Deposito'),(853,38,2337,'Retiro'),(854,19,1639,'Deposito'),(855,22,2606,'Retiro'),(856,11,1664,'Retiro'),(857,18,2501,'Retiro'),(858,75,1565,'Deposito'),(859,78,2130,'Retiro'),(860,19,2134,'Deposito'),(861,38,2608,'Retiro'),(862,97,1691,'Deposito'),(863,45,527,'Deposito'),(864,20,1542,'Deposito'),(865,97,2733,'Retiro'),(866,57,2077,'Deposito'),(867,28,2531,'Deposito'),(868,91,1681,'Deposito'),(869,71,1272,'Retiro'),(870,84,1580,'Retiro'),(871,2,2109,'Retiro'),(872,46,616,'Deposito'),(873,29,1380,'Retiro'),(874,79,2960,'Retiro'),(875,10,2745,'Deposito'),(876,84,1536,'Deposito'),(877,11,1320,'Deposito'),(878,97,351,'Retiro'),(879,12,1325,'Deposito'),(880,49,2636,'Deposito'),(881,8,2263,'Deposito'),(882,82,1040,'Deposito'),(883,48,2184,'Retiro'),(884,78,500,'Retiro'),(885,74,528,'Deposito'),(886,6,1519,'Retiro'),(887,54,2299,'Deposito'),(888,78,1034,'Deposito'),(889,5,2175,'Retiro'),(890,76,2854,'Deposito'),(891,99,1696,'Retiro'),(892,47,2204,'Retiro'),(893,96,968,'Deposito'),(894,92,2367,'Deposito'),(895,19,2344,'Deposito'),(896,99,2723,'Retiro'),(897,18,2709,'Retiro'),(898,25,2207,'Deposito'),(899,54,959,'Deposito'),(900,92,1570,'Retiro'),(901,35,2852,'Retiro'),(902,86,2823,'Deposito'),(903,38,2568,'Deposito'),(904,51,487,'Deposito'),(905,73,2788,'Deposito'),(906,34,465,'Deposito'),(907,63,1734,'Deposito'),(908,53,2210,'Deposito'),(909,83,932,'Deposito'),(910,14,1817,'Deposito'),(911,20,2222,'Deposito'),(912,61,696,'Deposito'),(913,48,1848,'Retiro'),(914,67,1417,'Retiro'),(915,79,545,'Deposito'),(916,29,835,'Deposito'),(917,5,910,'Deposito'),(918,96,321,'Retiro'),(919,22,1212,'Deposito'),(920,39,1280,'Retiro'),(921,71,1954,'Deposito'),(922,44,505,'Deposito'),(923,16,328,'Deposito'),(924,74,1872,'Deposito'),(925,73,1523,'Deposito'),(926,5,485,'Deposito'),(927,92,2566,'Deposito'),(928,78,1166,'Deposito'),(929,24,2828,'Retiro'),(930,1,2657,'Deposito'),(931,20,823,'Deposito'),(932,51,2228,'Retiro'),(933,85,1702,'Retiro'),(934,36,1377,'Deposito'),(935,76,255,'Deposito'),(936,24,2758,'Retiro'),(937,61,2450,'Retiro'),(938,63,2951,'Retiro'),(939,40,1918,'Deposito'),(940,63,1173,'Retiro'),(941,33,1439,'Deposito'),(942,55,1397,'Deposito'),(943,95,432,'Deposito'),(944,39,2061,'Deposito'),(945,93,933,'Deposito'),(946,15,2823,'Deposito'),(947,84,772,'Retiro'),(948,73,1857,'Deposito'),(949,11,987,'Deposito'),(950,21,2064,'Deposito'),(951,61,1784,'Retiro'),(952,83,639,'Deposito'),(953,11,274,'Retiro'),(954,32,1435,'Retiro'),(955,66,2689,'Retiro'),(956,55,1883,'Deposito'),(957,68,2303,'Retiro'),(958,54,2158,'Deposito'),(959,95,1438,'Retiro'),(960,28,959,'Deposito'),(961,92,1963,'Deposito'),(962,86,2038,'Deposito'),(963,56,243,'Deposito'),(964,34,726,'Retiro'),(965,78,367,'Deposito'),(966,89,336,'Deposito'),(967,17,946,'Deposito'),(968,70,640,'Deposito'),(969,1,1619,'Retiro'),(970,73,943,'Deposito'),(971,53,2999,'Deposito'),(972,33,268,'Deposito'),(973,82,1493,'Deposito'),(974,8,1817,'Retiro'),(975,31,1184,'Deposito'),(976,55,2429,'Deposito'),(977,11,867,'Retiro'),(978,67,2086,'Deposito'),(979,18,307,'Deposito'),(980,86,2822,'Deposito'),(981,2,2804,'Deposito'),(982,77,2484,'Deposito'),(983,93,329,'Deposito'),(984,14,2904,'Retiro'),(985,55,2844,'Deposito'),(986,97,2814,'Retiro'),(987,32,2957,'Deposito'),(988,61,1517,'Deposito'),(989,13,2535,'Deposito'),(990,87,2835,'Deposito'),(991,17,266,'Deposito'),(992,2,816,'Deposito'),(993,87,913,'Deposito'),(994,13,2062,'Deposito'),(995,1,1702,'Retiro'),(996,76,2688,'Retiro'),(997,100,609,'Deposito'),(998,26,2961,'Deposito'),(999,47,1252,'Retiro'),(1000,9,2038,'Retiro'),(NULL,1,NULL,''),(NULL,2,NULL,''),(NULL,3,NULL,''),(NULL,4,NULL,''),(NULL,5,NULL,''),(NULL,6,NULL,''),(NULL,7,NULL,''),(NULL,8,NULL,''),(NULL,9,NULL,''),(NULL,10,NULL,''),(NULL,11,NULL,''),(NULL,12,NULL,''),(NULL,13,NULL,''),(NULL,14,NULL,''),(NULL,15,NULL,''),(NULL,16,NULL,''),(NULL,17,NULL,''),(NULL,18,NULL,''),(NULL,19,NULL,''),(NULL,20,NULL,''),(NULL,21,NULL,''),(NULL,22,NULL,''),(NULL,23,NULL,''),(NULL,24,NULL,''),(NULL,25,NULL,''),(NULL,26,NULL,''),(NULL,27,NULL,''),(NULL,28,NULL,''),(NULL,29,NULL,''),(NULL,30,NULL,''),(NULL,31,NULL,''),(NULL,32,NULL,''),(NULL,33,NULL,''),(NULL,34,NULL,''),(NULL,35,NULL,''),(NULL,36,NULL,''),(NULL,37,NULL,''),(NULL,38,NULL,''),(NULL,39,NULL,''),(NULL,40,NULL,''),(NULL,41,NULL,''),(NULL,42,NULL,''),(NULL,43,NULL,''),(NULL,44,NULL,''),(NULL,45,NULL,''),(NULL,46,NULL,''),(NULL,47,NULL,''),(NULL,48,NULL,''),(NULL,49,NULL,''),(NULL,50,NULL,''),(NULL,51,NULL,''),(NULL,52,NULL,''),(NULL,53,NULL,''),(NULL,54,NULL,''),(NULL,55,NULL,''),(NULL,56,NULL,''),(NULL,57,NULL,''),(NULL,58,NULL,''),(NULL,59,NULL,''),(NULL,60,NULL,''),(NULL,61,NULL,''),(NULL,62,NULL,''),(NULL,63,NULL,''),(NULL,64,NULL,''),(NULL,65,NULL,''),(NULL,66,NULL,''),(NULL,67,NULL,''),(NULL,68,NULL,''),(NULL,69,NULL,''),(NULL,70,NULL,''),(NULL,71,NULL,''),(NULL,72,NULL,''),(NULL,73,NULL,''),(NULL,74,NULL,''),(NULL,75,NULL,''),(NULL,76,NULL,''),(NULL,77,NULL,''),(NULL,78,NULL,''),(NULL,79,NULL,''),(NULL,80,NULL,''),(NULL,81,NULL,''),(NULL,82,NULL,''),(NULL,83,NULL,''),(NULL,84,NULL,''),(NULL,85,NULL,''),(NULL,86,NULL,''),(NULL,87,NULL,''),(NULL,88,NULL,''),(NULL,89,NULL,''),(NULL,90,NULL,''),(NULL,91,NULL,''),(NULL,92,NULL,''),(NULL,93,NULL,''),(NULL,94,NULL,''),(NULL,95,NULL,''),(NULL,96,NULL,''),(NULL,97,NULL,''),(NULL,98,NULL,''),(NULL,99,NULL,''),(NULL,100,NULL,'');
/*!40000 ALTER TABLE `transacciones` ENABLE KEYS */;
UNLOCK TABLES;

--
-- Table structure for table `usuarios`
--

DROP TABLE IF EXISTS `usuarios`;
/*!40101 SET @saved_cs_client     = @@character_set_client */;
/*!50503 SET character_set_client = utf8mb4 */;
CREATE TABLE `usuarios` (
  `id_Usuario` int DEFAULT NULL,
  `first_name` varchar(50) DEFAULT NULL,
  `last_name` varchar(50) DEFAULT NULL,
  `Tarjeta` varchar(50) DEFAULT NULL,
  `Dinero_Cuenta` int DEFAULT NULL,
  `Apuestas_Ganadas` int DEFAULT NULL,
  `Apuestas_Perdidas` int DEFAULT NULL
) ENGINE=InnoDB DEFAULT CHARSET=utf8mb4 COLLATE=utf8mb4_0900_ai_ci;
/*!40101 SET character_set_client = @saved_cs_client */;

--
-- Dumping data for table `usuarios`
--

LOCK TABLES `usuarios` WRITE;
/*!40000 ALTER TABLE `usuarios` DISABLE KEYS */;
INSERT INTO `usuarios` VALUES (1,'Honor','Braben','5108751660716448',4901,27,9),(2,'Kristos','Riccardelli','5108756653741493',16636,30,56),(3,'Cherri','Spieght','5108759106649016',2683,21,44),(4,'Bren','Jeandillou','5108753352050755',9304,49,80),(5,'Anny','Bever','5108758841097663',12433,9,17),(6,'Dorree','Facer','5108759970807294',13110,25,15),(7,'Lennard','Norster','5108757939311424',17685,40,93),(8,'Ali','Dany','5108755729082783',13987,45,78),(9,'Jorey','Mongeot','5108753311238608',14500,11,92),(10,'Grier','Branwhite','5048378493478252',2224,27,68),(11,'Keane','Mugleston','5108752553836087',17114,21,21),(12,'Terrijo','Wealleans','5048379426830080',3452,8,63),(13,'Gisella','Duggen','5108752728495173',16527,2,27),(14,'Tabor','Pratte','5048370952427185',17594,32,100),(15,'Sabra','Larne','5048378327975986',15240,24,35),(16,'Gavra','Duckhouse','5108757475556846',11076,12,71),(17,'Glynnis','Titcombe','5108757638749353',14948,32,61),(18,'Dolli','Hamer','5108755787186526',14290,27,13),(19,'Dot','Hodinton','5048378921286319',4644,4,66),(20,'Gardy','Breckwell','5048375893967256',9667,45,23),(21,'Andrey','Bosche','5108750310582689',11196,50,23),(22,'Quinn','Leefe','5108755498254324',18820,45,29),(23,'Allis','De Goey','5048376916024349',8816,7,40),(24,'Gregg','Zamudio','5048371316147733',7145,14,54),(25,'Winni','Johanssen','5108752679047742',19895,38,93),(26,'Emanuele','Scanlin','5048370923750541',14574,24,97),(27,'Reagan','Casacchia','5048370045715539',9162,45,72),(28,'Demeter','Tesmond','5048379014269675',17086,5,64),(29,'Kayle','Brimmacombe','5048375545866716',1763,16,34),(30,'Sukey','Zanazzi','5108755113501356',18787,12,84),(31,'Junia','Cassam','5048376532808810',18012,23,39),(32,'Amandy','Brasner','5108754797578723',9938,31,5),(33,'Joella','Krysztowczyk','5048370484948922',11638,18,21),(34,'Franzen','Grivori','5048377956677160',4983,21,55),(35,'Tamara','Entwhistle','5048378068558348',1402,47,14),(36,'Val','Prandi','5048370767053960',9862,46,2),(37,'Reggie','Bosman','5108752361778166',7091,29,66),(38,'Paulette','D\'Arrigo','5048377102599946',5262,9,44),(39,'Marylee','Turnbull','5048379534709952',9031,3,56),(40,'Willy','Wildsmith','5108758428476652',7758,24,59),(41,'Vinita','Cardenoza','5108755748406823',17934,39,74),(42,'Marcelle','Carrier','5048376178734858',10900,33,92),(43,'Orlan','Brusle','5048370987866654',9217,19,29),(44,'Berke','Kremer','5108752355386349',301,25,2),(45,'Elspeth','Templeman','5048373124816848',4805,4,9),(46,'Osbourn','Roy','5108751341263935',17733,30,86),(47,'Vin','Jimmes','5048372257363669',3472,3,16),(48,'Lev','Cadell','5108750377267026',11303,44,61),(49,'Loren','Vickerman','5108757468540575',7803,18,18),(50,'Dar','Kneeshaw','5048371603168459',14355,4,93),(51,'Rivkah','Baylay','5108757360786946',17849,12,84),(52,'Flinn','Housley','5048370484700026',5538,5,26),(53,'Calv','Cellone','5048377510737112',12348,4,18),(54,'Adelind','Trowsdale','5048371436999716',16341,43,77),(55,'Lester','Ledur','5048371310712128',2771,48,50),(56,'Lorilee','Caswall','5108750906507967',12641,29,74),(57,'Olin','Welsby','5048376583981755',7819,40,72),(58,'Merissa','Yeldon','5048375781288773',10083,6,71),(59,'Mohammed','Jakubovicz','5108750593300635',3275,44,27),(60,'Kennedy','Allinson','5048374075179863',5711,6,92),(61,'Cosme','Hotchkin','5048375546015289',18397,49,79),(62,'Eleonore','Haith','5108759065848047',15741,44,46),(63,'Jessee','Lumber','5108759993941757',17010,10,20),(64,'Pancho','Sellers','5108759128668671',13242,19,20),(65,'Farlay','Crollman','5048374639183583',4278,28,78),(66,'Taite','Breacher','5108754263891105',13530,45,70),(67,'Kaspar','Scarlin','5108753541990085',1241,30,10),(68,'Luis','Ogden','5108752684440122',6673,26,74),(69,'Celesta','Dilston','5048375861125796',16291,49,49),(70,'Dorian','Ulrik','5048377149233822',4842,36,34),(71,'Ira','Joao','5108756265652955',1270,20,13),(72,'Lenore','Sidsaff','5048374267155556',10632,38,21),(73,'Torin','Amery','5108753157554746',18880,21,49),(74,'Bondy','Barsham','5108757949894302',12765,14,81),(75,'Barbabra','Yegorev','5048373848981233',777,10,93),(76,'Pacorro','Badwick','5108753890997210',5740,22,3),(77,'Brenn','Philott','5108752731827842',13630,35,26),(78,'Marigold','Dobbins','5048375702065276',9132,41,56),(79,'Barbe','Batisse','5108752241035050',3124,6,87),(80,'North','Starbuck','5108759267795285',645,35,19),(81,'Janet','Bellord','5048372568134700',61,18,42),(82,'Isak','Scarff','5048377747398589',16048,16,70),(83,'Annadiana','Kikke','5108753403525433',15271,40,14),(84,'Oliver','Sherrott','5048370625893987',12110,31,66),(85,'Ase','Sainte Paul','5048374470490709',13128,11,60),(86,'Klement','Eads','5108753517982280',11865,17,36),(87,'Jillian','Whyte','5048370810470930',7222,16,38),(88,'Piggy','Yurchenko','5048373136984188',16346,36,56),(89,'Mano','Bowlas','5048371451295941',17543,43,39),(90,'Marci','Jaxon','5108753981390242',18322,13,52),(91,'Dewitt','McIver','5048376245744740',17476,19,31),(92,'Rinaldo','Bolus','5048370779446285',5010,36,10),(93,'Angela','Dietz','5048371410386260',4519,50,82),(94,'Aleece','Lake','5108758565097907',6918,2,8),(95,'Antonie','Rowell','5048376413690444',8290,44,41),(96,'Bron','Sevin','5108757800331295',9895,45,70),(97,'Shaylynn','Mutton','5108759724570867',17264,2,16),(98,'Debbi','Louthe','5048378377477941',7215,30,89),(99,'Darby','Hafford','5048375993370567',13069,22,27),(100,'Krishna','Bruntje','5108754487347017',18941,6,36);
/*!40000 ALTER TABLE `usuarios` ENABLE KEYS */;
UNLOCK TABLES;

--
-- Dumping routines for database 'tarea_5'
--
/*!40103 SET TIME_ZONE=@OLD_TIME_ZONE */;

/*!40101 SET SQL_MODE=@OLD_SQL_MODE */;
/*!40014 SET FOREIGN_KEY_CHECKS=@OLD_FOREIGN_KEY_CHECKS */;
/*!40014 SET UNIQUE_CHECKS=@OLD_UNIQUE_CHECKS */;
/*!40101 SET CHARACTER_SET_CLIENT=@OLD_CHARACTER_SET_CLIENT */;
/*!40101 SET CHARACTER_SET_RESULTS=@OLD_CHARACTER_SET_RESULTS */;
/*!40101 SET COLLATION_CONNECTION=@OLD_COLLATION_CONNECTION */;
/*!40111 SET SQL_NOTES=@OLD_SQL_NOTES */;

-- Dump completed on 2024-02-18 23:38:23
